[
{
  "model": "crowdsourcing.project",
  "pk": 10,
  "fields": {
    "name": "Processus test (Gert Gielis)",
    "description": "This project is designed to test the transcription process.\r\nThe Letter of pardon is from Jan de Vyt (Dutch)"
  }
},
{
  "model": "crowdsourcing.project",
  "pk": 12,
  "fields": {
    "name": "french examples",
    "description": "all documents correspond to the same scan"
  }
},
{
  "model": "crowdsourcing.project",
  "pk": 13,
  "fields": {
    "name": "dutch examples",
    "description": "all documents correspond to the same scan"
  }
},
{
  "model": "crowdsourcing.project",
  "pk": 21,
  "fields": {
    "name": "hidden|Step 1 blank",
    "description": "blank"
  }
},
{
  "model": "crowdsourcing.project",
  "pk": 22,
  "fields": {
    "name": "hidden|Step 2 rectangles",
    "description": "rectangles"
  }
},
{
  "model": "crowdsourcing.project",
  "pk": 23,
  "fields": {
    "name": "hidden|step 3 textes",
    "description": "textes"
  }
},
{
  "model": "crowdsourcing.project",
  "pk": 24,
  "fields": {
    "name": "hidden|step 4 verif",
    "description": "verif"
  }
},
{
  "model": "crowdsourcing.project",
  "pk": 25,
  "fields": {
    "name": "hidden|step 5 verif",
    "description": "double verif"
  }
},
{
  "model": "crowdsourcing.project",
  "pk": 26,
  "fields": {
    "name": "hidden|step 6 fini",
    "description": "consultation"
  }
},
{
  "model": "crowdsourcing.project",
  "pk": 27,
  "fields": {
    "name": "hidden|Stock",
    "description": "none"
  }
},
{
  "model": "crowdsourcing.project",
  "pk": 28,
  "fields": {
    "name": "Example finished document",
    "description": "this"
  }
},
{
  "model": "crowdsourcing.project",
  "pk": 29,
  "fields": {
    "name": "hidden|blank doc",
    "description": "blank doc"
  }
},
{
  "model": "crowdsourcing.project",
  "pk": 30,
  "fields": {
    "name": "hidden|test",
    "description": "test"
  }
},
{
  "model": "crowdsourcing.document",
  "pk": 68,
  "fields": {
    "image": "136_Jan-de-Vyt_510_0001_000_00635_000_0_0340_L7Ir0w7.jpg",
    "project": 10,
    "status": "in_transcription",
    "name": "Jan de Vyt"
  }
},
{
  "model": "crowdsourcing.document",
  "pk": 86,
  "fields": {
    "image": "232_Huguenin-Moreau_510_0001_000_00636_000_0_0526_7T89PI5.jpg",
    "project": 27,
    "status": "in_transcription",
    "name": "232 1 fr rectangle"
  }
},
{
  "model": "crowdsourcing.document",
  "pk": 87,
  "fields": {
    "image": "232_Huguenin-Moreau_510_0001_000_00636_000_0_0526_7T89PI5.jpg",
    "project": 22,
    "status": "in_transcription",
    "name": "232 2"
  }
},
{
  "model": "crowdsourcing.document",
  "pk": 88,
  "fields": {
    "image": "232_Huguenin-Moreau_510_0001_000_00636_000_0_0526_7T89PI5.jpg",
    "project": 23,
    "status": "to_transcribe",
    "name": "232 3"
  }
},
{
  "model": "crowdsourcing.document",
  "pk": 89,
  "fields": {
    "image": "232_Huguenin-Moreau_510_0001_000_00636_000_0_0526_7T89PI5.jpg",
    "project": 24,
    "status": "to_transcribe",
    "name": "232 4"
  }
},
{
  "model": "crowdsourcing.document",
  "pk": 90,
  "fields": {
    "image": "232_Huguenin-Moreau_510_0001_000_00636_000_0_0526_7T89PI5.jpg",
    "project": 25,
    "status": "to_transcribe",
    "name": "232 5"
  }
},
{
  "model": "crowdsourcing.document",
  "pk": 91,
  "fields": {
    "image": "232_Huguenin-Moreau_510_0001_000_00636_000_0_0526_7T89PI5.jpg",
    "project": 26,
    "status": "completed",
    "name": "232 6"
  }
},
{
  "model": "crowdsourcing.document",
  "pk": 92,
  "fields": {
    "image": "232_Huguenin-Moreau_510_0001_000_00636_000_0_0526_R0qepS9.jpg",
    "project": 21,
    "status": "to_transcribe",
    "name": "232 0"
  }
},
{
  "model": "crowdsourcing.document",
  "pk": 93,
  "fields": {
    "image": "232_Huguenin-Moreau_510_0001_000_00636_000_0_0526_R0qepS9.jpg",
    "project": 27,
    "status": "in_transcription",
    "name": "232 00"
  }
},
{
  "model": "crowdsourcing.document",
  "pk": 94,
  "fields": {
    "image": "232_Huguenin-Moreau_510_0001_000_00636_000_0_0526_R0qepS9.jpg",
    "project": 27,
    "status": "in_transcription",
    "name": "232 00"
  }
},
{
  "model": "crowdsourcing.document",
  "pk": 95,
  "fields": {
    "image": "232_Huguenin-Moreau_510_0001_000_00636_000_0_0526_R0qepS9.jpg",
    "project": 27,
    "status": "in_transcription",
    "name": "232 0"
  }
},
{
  "model": "crowdsourcing.document",
  "pk": 101,
  "fields": {
    "image": "232_Huguenin-Moreau_510_0001_000_00636_000_0_0526_7T89PI5.jpg",
    "project": 28,
    "status": "completed",
    "name": "232 6"
  }
},
{
  "model": "crowdsourcing.document",
  "pk": 102,
  "fields": {
    "image": "50_Jan-de-Passano_510_0001_000_00634_000_0_0160_OoBaKGe.jpg",
    "project": 29,
    "status": "to_transcribe",
    "name": "50-1 nl passano"
  }
},
{
  "model": "crowdsourcing.document",
  "pk": 103,
  "fields": {
    "image": "50_Jan-de-Passano_510_0001_000_00634_000_0_0161.jpg",
    "project": 29,
    "status": "to_transcribe",
    "name": "50-2 nl passano"
  }
},
{
  "model": "crowdsourcing.document",
  "pk": 104,
  "fields": {
    "image": "108_Jehan-vanden-Broucke_510_0001_000_00635_000_0_0204_N3UxGAt.jpg",
    "project": 29,
    "status": "to_transcribe",
    "name": "108-1 fr broucke"
  }
},
{
  "model": "crowdsourcing.document",
  "pk": 105,
  "fields": {
    "image": "108_Jehan-vanden-Broucke_510_0001_000_00635_000_0_0205.jpg",
    "project": 29,
    "status": "to_transcribe",
    "name": "108-2 fr broucke"
  }
},
{
  "model": "crowdsourcing.document",
  "pk": 106,
  "fields": {
    "image": "108_Jehan-vanden-Broucke_510_0001_000_00635_000_0_0205_nB2TD6Q.jpg",
    "project": 29,
    "status": "to_transcribe",
    "name": "108-3 fr broucke"
  }
},
{
  "model": "crowdsourcing.document",
  "pk": 107,
  "fields": {
    "image": "232_Huguenin-Moreau_510_0001_000_00636_000_0_0526_R0qepS9.jpg",
    "project": 29,
    "status": "to_transcribe",
    "name": "232-1 fr moreau"
  }
},
{
  "model": "crowdsourcing.document",
  "pk": 108,
  "fields": {
    "image": "232_Huguenin-Moreau_510_0001_000_00636_000_0_0526_R0qepS9.jpg",
    "project": 12,
    "status": "to_transcribe",
    "name": "232-1 fr moreau"
  }
},
{
  "model": "crowdsourcing.document",
  "pk": 109,
  "fields": {
    "image": "108_Jehan-vanden-Broucke_510_0001_000_00635_000_0_0205_nB2TD6Q.jpg",
    "project": 12,
    "status": "to_transcribe",
    "name": "108-3 fr broucke"
  }
},
{
  "model": "crowdsourcing.document",
  "pk": 110,
  "fields": {
    "image": "108_Jehan-vanden-Broucke_510_0001_000_00635_000_0_0205.jpg",
    "project": 12,
    "status": "to_transcribe",
    "name": "108-2 fr broucke"
  }
},
{
  "model": "crowdsourcing.document",
  "pk": 111,
  "fields": {
    "image": "108_Jehan-vanden-Broucke_510_0001_000_00635_000_0_0204_N3UxGAt.jpg",
    "project": 29,
    "status": "to_transcribe",
    "name": "108-1 fr broucke"
  }
},
{
  "model": "crowdsourcing.document",
  "pk": 112,
  "fields": {
    "image": "50_Jan-de-Passano_510_0001_000_00634_000_0_0161.jpg",
    "project": 13,
    "status": "to_transcribe",
    "name": "50-2 nl passano"
  }
},
{
  "model": "crowdsourcing.document",
  "pk": 113,
  "fields": {
    "image": "50_Jan-de-Passano_510_0001_000_00634_000_0_0160_OoBaKGe.jpg",
    "project": 13,
    "status": "to_transcribe",
    "name": "50-1 nl passano"
  }
},
{
  "model": "crowdsourcing.document",
  "pk": 114,
  "fields": {
    "image": "136_Jan-de-Vyt_510_0001_000_00635_000_0_0340_4w2aPHO.jpg",
    "project": 29,
    "status": "to_transcribe",
    "name": "136-1 nl vyt"
  }
},
{
  "model": "crowdsourcing.document",
  "pk": 115,
  "fields": {
    "image": "136_Jan-de-Vyt_510_0001_000_00635_000_0_0341.jpg",
    "project": 29,
    "status": "to_transcribe",
    "name": "136-2 nl vyt"
  }
},
{
  "model": "crowdsourcing.document",
  "pk": 116,
  "fields": {
    "image": "136_Jan-de-Vyt_510_0001_000_00635_000_0_0342.jpg",
    "project": 29,
    "status": "to_transcribe",
    "name": "136-3 nl vyt"
  }
},
{
  "model": "crowdsourcing.document",
  "pk": 117,
  "fields": {
    "image": "136_Jan-de-Vyt_510_0001_000_00635_000_0_0342.jpg",
    "project": 13,
    "status": "to_transcribe",
    "name": "136-3 nl vyt"
  }
},
{
  "model": "crowdsourcing.document",
  "pk": 118,
  "fields": {
    "image": "136_Jan-de-Vyt_510_0001_000_00635_000_0_0341.jpg",
    "project": 13,
    "status": "to_transcribe",
    "name": "136-2 nl vyt"
  }
},
{
  "model": "crowdsourcing.document",
  "pk": 119,
  "fields": {
    "image": "136_Jan-de-Vyt_510_0001_000_00635_000_0_0340_4w2aPHO.jpg",
    "project": 13,
    "status": "to_transcribe",
    "name": "136-1 nl vyt"
  }
},
{
  "model": "crowdsourcing.document",
  "pk": 120,
  "fields": {
    "image": "136_Jan-de-Vyt_510_0001_000_00635_000_0_0340_4w2aPHO.jpg",
    "project": 30,
    "status": "in_transcription",
    "name": "136-1 nl vyt"
  }
},
{
  "model": "crowdsourcing.rectangle",
  "pk": 352,
  "fields": {
    "document": 86,
    "x": 1131,
    "y": 176,
    "width": 926,
    "height": 103,
    "angle": 2.308743193377509,
    "done": false
  }
},
{
  "model": "crowdsourcing.rectangle",
  "pk": 353,
  "fields": {
    "document": 86,
    "x": 722,
    "y": 341,
    "width": 1805,
    "height": 103,
    "angle": 2.3087,
    "done": false
  }
},
{
  "model": "crowdsourcing.rectangle",
  "pk": 354,
  "fields": {
    "document": 86,
    "x": 728,
    "y": 455,
    "width": 1767,
    "height": 66,
    "angle": 2.3087,
    "done": false
  }
},
{
  "model": "crowdsourcing.rectangle",
  "pk": 355,
  "fields": {
    "document": 86,
    "x": 768,
    "y": 498,
    "width": 1767,
    "height": 80,
    "angle": 3.1685102987070697,
    "done": false
  }
},
{
  "model": "crowdsourcing.rectangle",
  "pk": 356,
  "fields": {
    "document": 86,
    "x": 766,
    "y": 581,
    "width": 1767,
    "height": 80,
    "angle": 3.1685,
    "done": false
  }
},
{
  "model": "crowdsourcing.rectangle",
  "pk": 357,
  "fields": {
    "document": 86,
    "x": 780,
    "y": 679,
    "width": 1767,
    "height": 80,
    "angle": 3.1685,
    "done": false
  }
},
{
  "model": "crowdsourcing.rectangle",
  "pk": 358,
  "fields": {
    "document": 86,
    "x": 772,
    "y": 755,
    "width": 1767,
    "height": 80,
    "angle": 3.1685,
    "done": false
  }
},
{
  "model": "crowdsourcing.rectangle",
  "pk": 359,
  "fields": {
    "document": 86,
    "x": 774,
    "y": 838,
    "width": 1767,
    "height": 80,
    "angle": 3.1685,
    "done": false
  }
},
{
  "model": "crowdsourcing.rectangle",
  "pk": 360,
  "fields": {
    "document": 86,
    "x": 737,
    "y": 944,
    "width": 1819,
    "height": 80,
    "angle": 2.1775530280576514,
    "done": false
  }
},
{
  "model": "crowdsourcing.rectangle",
  "pk": 361,
  "fields": {
    "document": 86,
    "x": 741,
    "y": 1024,
    "width": 1819,
    "height": 80,
    "angle": 2.1776,
    "done": false
  }
},
{
  "model": "crowdsourcing.rectangle",
  "pk": 362,
  "fields": {
    "document": 86,
    "x": 751,
    "y": 1120,
    "width": 1819,
    "height": 80,
    "angle": 2.1776,
    "done": false
  }
},
{
  "model": "crowdsourcing.rectangle",
  "pk": 363,
  "fields": {
    "document": 86,
    "x": 737,
    "y": 1207,
    "width": 1819,
    "height": 80,
    "angle": 2.1776,
    "done": false
  }
},
{
  "model": "crowdsourcing.rectangle",
  "pk": 364,
  "fields": {
    "document": 86,
    "x": 745,
    "y": 1291,
    "width": 1819,
    "height": 80,
    "angle": 2.1776,
    "done": false
  }
},
{
  "model": "crowdsourcing.rectangle",
  "pk": 365,
  "fields": {
    "document": 86,
    "x": 747,
    "y": 1390,
    "width": 1819,
    "height": 80,
    "angle": 2.1776,
    "done": false
  }
},
{
  "model": "crowdsourcing.rectangle",
  "pk": 366,
  "fields": {
    "document": 86,
    "x": 745,
    "y": 1488,
    "width": 1819,
    "height": 80,
    "angle": 2.1776,
    "done": false
  }
},
{
  "model": "crowdsourcing.rectangle",
  "pk": 367,
  "fields": {
    "document": 86,
    "x": 741,
    "y": 1583,
    "width": 1819,
    "height": 80,
    "angle": 2.1776,
    "done": false
  }
},
{
  "model": "crowdsourcing.rectangle",
  "pk": 368,
  "fields": {
    "document": 86,
    "x": 739,
    "y": 1679,
    "width": 1819,
    "height": 80,
    "angle": 2.1776,
    "done": false
  }
},
{
  "model": "crowdsourcing.rectangle",
  "pk": 369,
  "fields": {
    "document": 86,
    "x": 714,
    "y": 1781,
    "width": 1819,
    "height": 80,
    "angle": 1.601784338267641,
    "done": false
  }
},
{
  "model": "crowdsourcing.rectangle",
  "pk": 370,
  "fields": {
    "document": 86,
    "x": 728,
    "y": 1879,
    "width": 1819,
    "height": 80,
    "angle": 1.6018,
    "done": false
  }
},
{
  "model": "crowdsourcing.rectangle",
  "pk": 371,
  "fields": {
    "document": 86,
    "x": 728,
    "y": 1978,
    "width": 1768,
    "height": 80,
    "angle": 1.6018,
    "done": false
  }
},
{
  "model": "crowdsourcing.rectangle",
  "pk": 372,
  "fields": {
    "document": 86,
    "x": 675,
    "y": 2072,
    "width": 1819,
    "height": 80,
    "angle": 1.6018,
    "done": false
  }
},
{
  "model": "crowdsourcing.rectangle",
  "pk": 373,
  "fields": {
    "document": 86,
    "x": 698,
    "y": 2172,
    "width": 1819,
    "height": 80,
    "angle": 1.6018,
    "done": false
  }
},
{
  "model": "crowdsourcing.rectangle",
  "pk": 374,
  "fields": {
    "document": 86,
    "x": 714,
    "y": 2257,
    "width": 1819,
    "height": 80,
    "angle": 1.6018,
    "done": false
  }
},
{
  "model": "crowdsourcing.rectangle",
  "pk": 375,
  "fields": {
    "document": 86,
    "x": 728,
    "y": 2353,
    "width": 1780,
    "height": 80,
    "angle": 1.6018,
    "done": false
  }
},
{
  "model": "crowdsourcing.rectangle",
  "pk": 376,
  "fields": {
    "document": 86,
    "x": 727,
    "y": 2440,
    "width": 1736,
    "height": 80,
    "angle": 1.6018,
    "done": false
  }
},
{
  "model": "crowdsourcing.rectangle",
  "pk": 377,
  "fields": {
    "document": 86,
    "x": 712,
    "y": 2544,
    "width": 1778,
    "height": 80,
    "angle": 1.6018,
    "done": false
  }
},
{
  "model": "crowdsourcing.rectangle",
  "pk": 378,
  "fields": {
    "document": 86,
    "x": 716,
    "y": 2627,
    "width": 1778,
    "height": 80,
    "angle": 1.6018,
    "done": false
  }
},
{
  "model": "crowdsourcing.rectangle",
  "pk": 379,
  "fields": {
    "document": 86,
    "x": 726,
    "y": 2717,
    "width": 1778,
    "height": 80,
    "angle": 1.6018,
    "done": false
  }
},
{
  "model": "crowdsourcing.rectangle",
  "pk": 380,
  "fields": {
    "document": 86,
    "x": 698,
    "y": 2816,
    "width": 1778,
    "height": 80,
    "angle": 1.6018,
    "done": false
  }
},
{
  "model": "crowdsourcing.rectangle",
  "pk": 381,
  "fields": {
    "document": 86,
    "x": 4451,
    "y": 238,
    "width": 270,
    "height": 135,
    "angle": 0.0,
    "done": false
  }
},
{
  "model": "crowdsourcing.rectangle",
  "pk": 382,
  "fields": {
    "document": 86,
    "x": 3073,
    "y": 420,
    "width": 1654,
    "height": 67,
    "angle": 0.0,
    "done": false
  }
},
{
  "model": "crowdsourcing.rectangle",
  "pk": 383,
  "fields": {
    "document": 86,
    "x": 3093,
    "y": 514,
    "width": 1654,
    "height": 67,
    "angle": 0.0,
    "done": false
  }
},
{
  "model": "crowdsourcing.rectangle",
  "pk": 384,
  "fields": {
    "document": 86,
    "x": 3082,
    "y": 598,
    "width": 1654,
    "height": 67,
    "angle": 0.0,
    "done": false
  }
},
{
  "model": "crowdsourcing.rectangle",
  "pk": 385,
  "fields": {
    "document": 86,
    "x": 3082,
    "y": 690,
    "width": 1623,
    "height": 67,
    "angle": 0.0,
    "done": false
  }
},
{
  "model": "crowdsourcing.rectangle",
  "pk": 386,
  "fields": {
    "document": 86,
    "x": 3084,
    "y": 776,
    "width": 1623,
    "height": 67,
    "angle": 0.0,
    "done": false
  }
},
{
  "model": "crowdsourcing.rectangle",
  "pk": 387,
  "fields": {
    "document": 86,
    "x": 3098,
    "y": 864,
    "width": 1696,
    "height": 67,
    "angle": 0.0,
    "done": false
  }
},
{
  "model": "crowdsourcing.rectangle",
  "pk": 388,
  "fields": {
    "document": 86,
    "x": 3082,
    "y": 961,
    "width": 1696,
    "height": 67,
    "angle": 0.0,
    "done": false
  }
},
{
  "model": "crowdsourcing.rectangle",
  "pk": 389,
  "fields": {
    "document": 86,
    "x": 3058,
    "y": 1055,
    "width": 1676,
    "height": 67,
    "angle": 0.0,
    "done": false
  }
},
{
  "model": "crowdsourcing.rectangle",
  "pk": 390,
  "fields": {
    "document": 86,
    "x": 3078,
    "y": 1150,
    "width": 1712,
    "height": 67,
    "angle": 0.0,
    "done": false
  }
},
{
  "model": "crowdsourcing.rectangle",
  "pk": 391,
  "fields": {
    "document": 86,
    "x": 3091,
    "y": 1251,
    "width": 1685,
    "height": 67,
    "angle": 0.0,
    "done": false
  }
},
{
  "model": "crowdsourcing.rectangle",
  "pk": 392,
  "fields": {
    "document": 86,
    "x": 3087,
    "y": 1357,
    "width": 1776,
    "height": 67,
    "angle": 0.0,
    "done": false
  }
},
{
  "model": "crowdsourcing.rectangle",
  "pk": 393,
  "fields": {
    "document": 86,
    "x": 3083,
    "y": 1463,
    "width": 1803,
    "height": 67,
    "angle": 0.0,
    "done": false
  }
},
{
  "model": "crowdsourcing.rectangle",
  "pk": 394,
  "fields": {
    "document": 86,
    "x": 3065,
    "y": 1564,
    "width": 1757,
    "height": 67,
    "angle": 0.0,
    "done": false
  }
},
{
  "model": "crowdsourcing.rectangle",
  "pk": 395,
  "fields": {
    "document": 86,
    "x": 3067,
    "y": 1678,
    "width": 1790,
    "height": 67,
    "angle": 0.0,
    "done": false
  }
},
{
  "model": "crowdsourcing.rectangle",
  "pk": 396,
  "fields": {
    "document": 86,
    "x": 3045,
    "y": 1766,
    "width": 1775,
    "height": 85,
    "angle": 0.0,
    "done": false
  }
},
{
  "model": "crowdsourcing.rectangle",
  "pk": 397,
  "fields": {
    "document": 86,
    "x": 3056,
    "y": 1877,
    "width": 1777,
    "height": 85,
    "angle": 0.0,
    "done": false
  }
},
{
  "model": "crowdsourcing.rectangle",
  "pk": 398,
  "fields": {
    "document": 86,
    "x": 3065,
    "y": 1970,
    "width": 1755,
    "height": 85,
    "angle": 0.0,
    "done": false
  }
},
{
  "model": "crowdsourcing.rectangle",
  "pk": 399,
  "fields": {
    "document": 86,
    "x": 3059,
    "y": 2070,
    "width": 1721,
    "height": 85,
    "angle": 0.0,
    "done": false
  }
},
{
  "model": "crowdsourcing.rectangle",
  "pk": 400,
  "fields": {
    "document": 86,
    "x": 3072,
    "y": 2185,
    "width": 1721,
    "height": 85,
    "angle": 0.0,
    "done": false
  }
},
{
  "model": "crowdsourcing.rectangle",
  "pk": 401,
  "fields": {
    "document": 86,
    "x": 3067,
    "y": 2292,
    "width": 1721,
    "height": 85,
    "angle": 0.0,
    "done": false
  }
},
{
  "model": "crowdsourcing.rectangle",
  "pk": 402,
  "fields": {
    "document": 86,
    "x": 3026,
    "y": 2382,
    "width": 1832,
    "height": 85,
    "angle": 1.2520956636009792,
    "done": false
  }
},
{
  "model": "crowdsourcing.rectangle",
  "pk": 403,
  "fields": {
    "document": 86,
    "x": 3031,
    "y": 2492,
    "width": 1832,
    "height": 85,
    "angle": 1.2521,
    "done": false
  }
},
{
  "model": "crowdsourcing.rectangle",
  "pk": 404,
  "fields": {
    "document": 86,
    "x": 3029,
    "y": 2600,
    "width": 1750,
    "height": 85,
    "angle": 1.2521,
    "done": false
  }
},
{
  "model": "crowdsourcing.rectangle",
  "pk": 405,
  "fields": {
    "document": 86,
    "x": 3051,
    "y": 2703,
    "width": 1790,
    "height": 91,
    "angle": 1.2521,
    "done": false
  }
},
{
  "model": "crowdsourcing.rectangle",
  "pk": 406,
  "fields": {
    "document": 86,
    "x": 2991,
    "y": 2819,
    "width": 1856,
    "height": 91,
    "angle": 1.2521,
    "done": false
  }
},
{
  "model": "crowdsourcing.rectangle",
  "pk": 2941,
  "fields": {
    "document": 87,
    "x": 1131,
    "y": 176,
    "width": 926,
    "height": 103,
    "angle": 2.308743193377509,
    "done": false
  }
},
{
  "model": "crowdsourcing.rectangle",
  "pk": 2942,
  "fields": {
    "document": 87,
    "x": 722,
    "y": 341,
    "width": 1805,
    "height": 103,
    "angle": 2.3087,
    "done": false
  }
},
{
  "model": "crowdsourcing.rectangle",
  "pk": 2943,
  "fields": {
    "document": 87,
    "x": 728,
    "y": 455,
    "width": 1767,
    "height": 66,
    "angle": 2.3087,
    "done": false
  }
},
{
  "model": "crowdsourcing.rectangle",
  "pk": 2944,
  "fields": {
    "document": 87,
    "x": 768,
    "y": 498,
    "width": 1767,
    "height": 80,
    "angle": 3.1685102987070697,
    "done": false
  }
},
{
  "model": "crowdsourcing.rectangle",
  "pk": 2945,
  "fields": {
    "document": 87,
    "x": 766,
    "y": 581,
    "width": 1767,
    "height": 80,
    "angle": 3.1685,
    "done": false
  }
},
{
  "model": "crowdsourcing.rectangle",
  "pk": 2946,
  "fields": {
    "document": 87,
    "x": 780,
    "y": 679,
    "width": 1767,
    "height": 80,
    "angle": 3.1685,
    "done": false
  }
},
{
  "model": "crowdsourcing.rectangle",
  "pk": 2947,
  "fields": {
    "document": 87,
    "x": 772,
    "y": 755,
    "width": 1767,
    "height": 80,
    "angle": 3.1685,
    "done": false
  }
},
{
  "model": "crowdsourcing.rectangle",
  "pk": 2948,
  "fields": {
    "document": 87,
    "x": 774,
    "y": 838,
    "width": 1767,
    "height": 80,
    "angle": 3.1685,
    "done": false
  }
},
{
  "model": "crowdsourcing.rectangle",
  "pk": 2949,
  "fields": {
    "document": 87,
    "x": 737,
    "y": 944,
    "width": 1819,
    "height": 80,
    "angle": 2.1775530280576514,
    "done": false
  }
},
{
  "model": "crowdsourcing.rectangle",
  "pk": 2950,
  "fields": {
    "document": 87,
    "x": 741,
    "y": 1024,
    "width": 1819,
    "height": 80,
    "angle": 2.1776,
    "done": false
  }
},
{
  "model": "crowdsourcing.rectangle",
  "pk": 2951,
  "fields": {
    "document": 87,
    "x": 751,
    "y": 1120,
    "width": 1819,
    "height": 80,
    "angle": 2.1776,
    "done": false
  }
},
{
  "model": "crowdsourcing.rectangle",
  "pk": 2952,
  "fields": {
    "document": 87,
    "x": 737,
    "y": 1207,
    "width": 1819,
    "height": 80,
    "angle": 2.1776,
    "done": false
  }
},
{
  "model": "crowdsourcing.rectangle",
  "pk": 2953,
  "fields": {
    "document": 87,
    "x": 745,
    "y": 1291,
    "width": 1819,
    "height": 80,
    "angle": 2.1776,
    "done": false
  }
},
{
  "model": "crowdsourcing.rectangle",
  "pk": 2954,
  "fields": {
    "document": 87,
    "x": 747,
    "y": 1390,
    "width": 1819,
    "height": 80,
    "angle": 2.1776,
    "done": false
  }
},
{
  "model": "crowdsourcing.rectangle",
  "pk": 2955,
  "fields": {
    "document": 87,
    "x": 745,
    "y": 1488,
    "width": 1819,
    "height": 80,
    "angle": 2.1776,
    "done": false
  }
},
{
  "model": "crowdsourcing.rectangle",
  "pk": 2956,
  "fields": {
    "document": 87,
    "x": 741,
    "y": 1583,
    "width": 1819,
    "height": 80,
    "angle": 2.1776,
    "done": false
  }
},
{
  "model": "crowdsourcing.rectangle",
  "pk": 2957,
  "fields": {
    "document": 87,
    "x": 739,
    "y": 1679,
    "width": 1819,
    "height": 80,
    "angle": 2.1776,
    "done": false
  }
},
{
  "model": "crowdsourcing.rectangle",
  "pk": 2958,
  "fields": {
    "document": 87,
    "x": 714,
    "y": 1781,
    "width": 1819,
    "height": 80,
    "angle": 1.601784338267641,
    "done": false
  }
},
{
  "model": "crowdsourcing.rectangle",
  "pk": 2959,
  "fields": {
    "document": 87,
    "x": 728,
    "y": 1879,
    "width": 1819,
    "height": 80,
    "angle": 1.6018,
    "done": false
  }
},
{
  "model": "crowdsourcing.rectangle",
  "pk": 2960,
  "fields": {
    "document": 87,
    "x": 728,
    "y": 1978,
    "width": 1768,
    "height": 80,
    "angle": 1.6018,
    "done": false
  }
},
{
  "model": "crowdsourcing.rectangle",
  "pk": 2961,
  "fields": {
    "document": 87,
    "x": 675,
    "y": 2072,
    "width": 1819,
    "height": 80,
    "angle": 1.6018,
    "done": false
  }
},
{
  "model": "crowdsourcing.rectangle",
  "pk": 2962,
  "fields": {
    "document": 87,
    "x": 698,
    "y": 2172,
    "width": 1819,
    "height": 80,
    "angle": 1.6018,
    "done": false
  }
},
{
  "model": "crowdsourcing.rectangle",
  "pk": 2963,
  "fields": {
    "document": 87,
    "x": 714,
    "y": 2257,
    "width": 1819,
    "height": 80,
    "angle": 1.6018,
    "done": false
  }
},
{
  "model": "crowdsourcing.rectangle",
  "pk": 2964,
  "fields": {
    "document": 87,
    "x": 728,
    "y": 2353,
    "width": 1780,
    "height": 80,
    "angle": 1.6018,
    "done": false
  }
},
{
  "model": "crowdsourcing.rectangle",
  "pk": 2965,
  "fields": {
    "document": 87,
    "x": 727,
    "y": 2440,
    "width": 1736,
    "height": 80,
    "angle": 1.6018,
    "done": false
  }
},
{
  "model": "crowdsourcing.rectangle",
  "pk": 2966,
  "fields": {
    "document": 87,
    "x": 712,
    "y": 2544,
    "width": 1778,
    "height": 80,
    "angle": 1.6018,
    "done": false
  }
},
{
  "model": "crowdsourcing.rectangle",
  "pk": 2967,
  "fields": {
    "document": 87,
    "x": 716,
    "y": 2627,
    "width": 1778,
    "height": 80,
    "angle": 1.6018,
    "done": false
  }
},
{
  "model": "crowdsourcing.rectangle",
  "pk": 2968,
  "fields": {
    "document": 87,
    "x": 726,
    "y": 2717,
    "width": 1778,
    "height": 80,
    "angle": 1.6018,
    "done": false
  }
},
{
  "model": "crowdsourcing.rectangle",
  "pk": 2969,
  "fields": {
    "document": 87,
    "x": 698,
    "y": 2816,
    "width": 1778,
    "height": 80,
    "angle": 1.6018,
    "done": false
  }
},
{
  "model": "crowdsourcing.rectangle",
  "pk": 2970,
  "fields": {
    "document": 87,
    "x": 4451,
    "y": 238,
    "width": 270,
    "height": 135,
    "angle": 0.0,
    "done": false
  }
},
{
  "model": "crowdsourcing.rectangle",
  "pk": 2971,
  "fields": {
    "document": 87,
    "x": 3073,
    "y": 420,
    "width": 1654,
    "height": 67,
    "angle": 0.0,
    "done": false
  }
},
{
  "model": "crowdsourcing.rectangle",
  "pk": 2972,
  "fields": {
    "document": 87,
    "x": 3093,
    "y": 514,
    "width": 1654,
    "height": 67,
    "angle": 0.0,
    "done": false
  }
},
{
  "model": "crowdsourcing.rectangle",
  "pk": 2973,
  "fields": {
    "document": 87,
    "x": 3082,
    "y": 598,
    "width": 1654,
    "height": 67,
    "angle": 0.0,
    "done": false
  }
},
{
  "model": "crowdsourcing.rectangle",
  "pk": 2974,
  "fields": {
    "document": 87,
    "x": 3082,
    "y": 690,
    "width": 1623,
    "height": 67,
    "angle": 0.0,
    "done": false
  }
},
{
  "model": "crowdsourcing.rectangle",
  "pk": 2975,
  "fields": {
    "document": 87,
    "x": 3084,
    "y": 776,
    "width": 1623,
    "height": 67,
    "angle": 0.0,
    "done": false
  }
},
{
  "model": "crowdsourcing.rectangle",
  "pk": 2976,
  "fields": {
    "document": 87,
    "x": 3098,
    "y": 864,
    "width": 1696,
    "height": 67,
    "angle": 0.0,
    "done": false
  }
},
{
  "model": "crowdsourcing.rectangle",
  "pk": 2977,
  "fields": {
    "document": 87,
    "x": 3082,
    "y": 961,
    "width": 1696,
    "height": 67,
    "angle": 0.0,
    "done": false
  }
},
{
  "model": "crowdsourcing.rectangle",
  "pk": 2978,
  "fields": {
    "document": 87,
    "x": 3058,
    "y": 1055,
    "width": 1676,
    "height": 67,
    "angle": 0.0,
    "done": false
  }
},
{
  "model": "crowdsourcing.rectangle",
  "pk": 2979,
  "fields": {
    "document": 87,
    "x": 3078,
    "y": 1150,
    "width": 1712,
    "height": 67,
    "angle": 0.0,
    "done": false
  }
},
{
  "model": "crowdsourcing.rectangle",
  "pk": 2980,
  "fields": {
    "document": 87,
    "x": 3091,
    "y": 1251,
    "width": 1685,
    "height": 67,
    "angle": 0.0,
    "done": false
  }
},
{
  "model": "crowdsourcing.rectangle",
  "pk": 2981,
  "fields": {
    "document": 87,
    "x": 3087,
    "y": 1357,
    "width": 1776,
    "height": 67,
    "angle": 0.0,
    "done": false
  }
},
{
  "model": "crowdsourcing.rectangle",
  "pk": 2982,
  "fields": {
    "document": 87,
    "x": 3083,
    "y": 1463,
    "width": 1803,
    "height": 67,
    "angle": 0.0,
    "done": false
  }
},
{
  "model": "crowdsourcing.rectangle",
  "pk": 2983,
  "fields": {
    "document": 87,
    "x": 3065,
    "y": 1564,
    "width": 1757,
    "height": 67,
    "angle": 0.0,
    "done": false
  }
},
{
  "model": "crowdsourcing.rectangle",
  "pk": 2984,
  "fields": {
    "document": 87,
    "x": 3067,
    "y": 1678,
    "width": 1790,
    "height": 67,
    "angle": 0.0,
    "done": false
  }
},
{
  "model": "crowdsourcing.rectangle",
  "pk": 2985,
  "fields": {
    "document": 87,
    "x": 3045,
    "y": 1766,
    "width": 1775,
    "height": 85,
    "angle": 0.0,
    "done": false
  }
},
{
  "model": "crowdsourcing.rectangle",
  "pk": 2986,
  "fields": {
    "document": 87,
    "x": 3056,
    "y": 1877,
    "width": 1777,
    "height": 85,
    "angle": 0.0,
    "done": false
  }
},
{
  "model": "crowdsourcing.rectangle",
  "pk": 2987,
  "fields": {
    "document": 87,
    "x": 3065,
    "y": 1970,
    "width": 1755,
    "height": 85,
    "angle": 0.0,
    "done": false
  }
},
{
  "model": "crowdsourcing.rectangle",
  "pk": 2988,
  "fields": {
    "document": 87,
    "x": 3059,
    "y": 2070,
    "width": 1721,
    "height": 85,
    "angle": 0.0,
    "done": false
  }
},
{
  "model": "crowdsourcing.rectangle",
  "pk": 2989,
  "fields": {
    "document": 87,
    "x": 3072,
    "y": 2185,
    "width": 1721,
    "height": 85,
    "angle": 0.0,
    "done": false
  }
},
{
  "model": "crowdsourcing.rectangle",
  "pk": 2990,
  "fields": {
    "document": 87,
    "x": 3067,
    "y": 2292,
    "width": 1721,
    "height": 85,
    "angle": 0.0,
    "done": false
  }
},
{
  "model": "crowdsourcing.rectangle",
  "pk": 2991,
  "fields": {
    "document": 87,
    "x": 3026,
    "y": 2382,
    "width": 1832,
    "height": 85,
    "angle": 1.2520956636009792,
    "done": false
  }
},
{
  "model": "crowdsourcing.rectangle",
  "pk": 2992,
  "fields": {
    "document": 87,
    "x": 3031,
    "y": 2492,
    "width": 1832,
    "height": 85,
    "angle": 1.2521,
    "done": false
  }
},
{
  "model": "crowdsourcing.rectangle",
  "pk": 2993,
  "fields": {
    "document": 87,
    "x": 3029,
    "y": 2600,
    "width": 1750,
    "height": 85,
    "angle": 1.2521,
    "done": false
  }
},
{
  "model": "crowdsourcing.rectangle",
  "pk": 2994,
  "fields": {
    "document": 87,
    "x": 3051,
    "y": 2703,
    "width": 1790,
    "height": 91,
    "angle": 1.2521,
    "done": false
  }
},
{
  "model": "crowdsourcing.rectangle",
  "pk": 2995,
  "fields": {
    "document": 87,
    "x": 2991,
    "y": 2819,
    "width": 1856,
    "height": 91,
    "angle": 1.2521,
    "done": false
  }
},
{
  "model": "crowdsourcing.rectangle",
  "pk": 3051,
  "fields": {
    "document": 88,
    "x": 1131,
    "y": 176,
    "width": 926,
    "height": 103,
    "angle": 2.308743193377509,
    "done": false
  }
},
{
  "model": "crowdsourcing.rectangle",
  "pk": 3052,
  "fields": {
    "document": 88,
    "x": 722,
    "y": 341,
    "width": 1805,
    "height": 103,
    "angle": 2.3087,
    "done": false
  }
},
{
  "model": "crowdsourcing.rectangle",
  "pk": 3053,
  "fields": {
    "document": 88,
    "x": 728,
    "y": 455,
    "width": 1767,
    "height": 66,
    "angle": 2.3087,
    "done": false
  }
},
{
  "model": "crowdsourcing.rectangle",
  "pk": 3054,
  "fields": {
    "document": 88,
    "x": 768,
    "y": 498,
    "width": 1767,
    "height": 80,
    "angle": 3.1685102987070697,
    "done": false
  }
},
{
  "model": "crowdsourcing.rectangle",
  "pk": 3055,
  "fields": {
    "document": 88,
    "x": 766,
    "y": 581,
    "width": 1767,
    "height": 80,
    "angle": 3.1685,
    "done": false
  }
},
{
  "model": "crowdsourcing.rectangle",
  "pk": 3056,
  "fields": {
    "document": 88,
    "x": 780,
    "y": 679,
    "width": 1767,
    "height": 80,
    "angle": 3.1685,
    "done": false
  }
},
{
  "model": "crowdsourcing.rectangle",
  "pk": 3057,
  "fields": {
    "document": 88,
    "x": 772,
    "y": 755,
    "width": 1767,
    "height": 80,
    "angle": 3.1685,
    "done": false
  }
},
{
  "model": "crowdsourcing.rectangle",
  "pk": 3058,
  "fields": {
    "document": 88,
    "x": 774,
    "y": 838,
    "width": 1767,
    "height": 80,
    "angle": 3.1685,
    "done": false
  }
},
{
  "model": "crowdsourcing.rectangle",
  "pk": 3059,
  "fields": {
    "document": 88,
    "x": 737,
    "y": 944,
    "width": 1819,
    "height": 80,
    "angle": 2.1775530280576514,
    "done": false
  }
},
{
  "model": "crowdsourcing.rectangle",
  "pk": 3060,
  "fields": {
    "document": 88,
    "x": 741,
    "y": 1024,
    "width": 1819,
    "height": 80,
    "angle": 2.1776,
    "done": false
  }
},
{
  "model": "crowdsourcing.rectangle",
  "pk": 3061,
  "fields": {
    "document": 88,
    "x": 751,
    "y": 1120,
    "width": 1819,
    "height": 80,
    "angle": 2.1776,
    "done": false
  }
},
{
  "model": "crowdsourcing.rectangle",
  "pk": 3062,
  "fields": {
    "document": 88,
    "x": 737,
    "y": 1207,
    "width": 1819,
    "height": 80,
    "angle": 2.1776,
    "done": false
  }
},
{
  "model": "crowdsourcing.rectangle",
  "pk": 3063,
  "fields": {
    "document": 88,
    "x": 745,
    "y": 1291,
    "width": 1819,
    "height": 80,
    "angle": 2.1776,
    "done": false
  }
},
{
  "model": "crowdsourcing.rectangle",
  "pk": 3064,
  "fields": {
    "document": 88,
    "x": 747,
    "y": 1390,
    "width": 1819,
    "height": 80,
    "angle": 2.1776,
    "done": false
  }
},
{
  "model": "crowdsourcing.rectangle",
  "pk": 3065,
  "fields": {
    "document": 88,
    "x": 745,
    "y": 1488,
    "width": 1819,
    "height": 80,
    "angle": 2.1776,
    "done": false
  }
},
{
  "model": "crowdsourcing.rectangle",
  "pk": 3066,
  "fields": {
    "document": 88,
    "x": 741,
    "y": 1583,
    "width": 1819,
    "height": 80,
    "angle": 2.1776,
    "done": false
  }
},
{
  "model": "crowdsourcing.rectangle",
  "pk": 3067,
  "fields": {
    "document": 88,
    "x": 739,
    "y": 1679,
    "width": 1819,
    "height": 80,
    "angle": 2.1776,
    "done": false
  }
},
{
  "model": "crowdsourcing.rectangle",
  "pk": 3068,
  "fields": {
    "document": 88,
    "x": 714,
    "y": 1781,
    "width": 1819,
    "height": 80,
    "angle": 1.601784338267641,
    "done": false
  }
},
{
  "model": "crowdsourcing.rectangle",
  "pk": 3069,
  "fields": {
    "document": 88,
    "x": 728,
    "y": 1879,
    "width": 1819,
    "height": 80,
    "angle": 1.6018,
    "done": false
  }
},
{
  "model": "crowdsourcing.rectangle",
  "pk": 3070,
  "fields": {
    "document": 88,
    "x": 728,
    "y": 1978,
    "width": 1768,
    "height": 80,
    "angle": 1.6018,
    "done": false
  }
},
{
  "model": "crowdsourcing.rectangle",
  "pk": 3071,
  "fields": {
    "document": 88,
    "x": 675,
    "y": 2072,
    "width": 1819,
    "height": 80,
    "angle": 1.6018,
    "done": false
  }
},
{
  "model": "crowdsourcing.rectangle",
  "pk": 3072,
  "fields": {
    "document": 88,
    "x": 698,
    "y": 2172,
    "width": 1819,
    "height": 80,
    "angle": 1.6018,
    "done": false
  }
},
{
  "model": "crowdsourcing.rectangle",
  "pk": 3073,
  "fields": {
    "document": 88,
    "x": 714,
    "y": 2257,
    "width": 1819,
    "height": 80,
    "angle": 1.6018,
    "done": false
  }
},
{
  "model": "crowdsourcing.rectangle",
  "pk": 3074,
  "fields": {
    "document": 88,
    "x": 728,
    "y": 2353,
    "width": 1780,
    "height": 80,
    "angle": 1.6018,
    "done": false
  }
},
{
  "model": "crowdsourcing.rectangle",
  "pk": 3075,
  "fields": {
    "document": 88,
    "x": 727,
    "y": 2440,
    "width": 1736,
    "height": 80,
    "angle": 1.6018,
    "done": false
  }
},
{
  "model": "crowdsourcing.rectangle",
  "pk": 3076,
  "fields": {
    "document": 88,
    "x": 712,
    "y": 2544,
    "width": 1778,
    "height": 80,
    "angle": 1.6018,
    "done": false
  }
},
{
  "model": "crowdsourcing.rectangle",
  "pk": 3077,
  "fields": {
    "document": 88,
    "x": 716,
    "y": 2627,
    "width": 1778,
    "height": 80,
    "angle": 1.6018,
    "done": false
  }
},
{
  "model": "crowdsourcing.rectangle",
  "pk": 3078,
  "fields": {
    "document": 88,
    "x": 726,
    "y": 2717,
    "width": 1778,
    "height": 80,
    "angle": 1.6018,
    "done": false
  }
},
{
  "model": "crowdsourcing.rectangle",
  "pk": 3079,
  "fields": {
    "document": 88,
    "x": 698,
    "y": 2816,
    "width": 1778,
    "height": 80,
    "angle": 1.6018,
    "done": false
  }
},
{
  "model": "crowdsourcing.rectangle",
  "pk": 3080,
  "fields": {
    "document": 88,
    "x": 4451,
    "y": 238,
    "width": 270,
    "height": 135,
    "angle": 0.0,
    "done": false
  }
},
{
  "model": "crowdsourcing.rectangle",
  "pk": 3081,
  "fields": {
    "document": 88,
    "x": 3073,
    "y": 420,
    "width": 1654,
    "height": 67,
    "angle": 0.0,
    "done": false
  }
},
{
  "model": "crowdsourcing.rectangle",
  "pk": 3082,
  "fields": {
    "document": 88,
    "x": 3093,
    "y": 514,
    "width": 1654,
    "height": 67,
    "angle": 0.0,
    "done": false
  }
},
{
  "model": "crowdsourcing.rectangle",
  "pk": 3083,
  "fields": {
    "document": 88,
    "x": 3082,
    "y": 598,
    "width": 1654,
    "height": 67,
    "angle": 0.0,
    "done": false
  }
},
{
  "model": "crowdsourcing.rectangle",
  "pk": 3084,
  "fields": {
    "document": 88,
    "x": 3082,
    "y": 690,
    "width": 1623,
    "height": 67,
    "angle": 0.0,
    "done": false
  }
},
{
  "model": "crowdsourcing.rectangle",
  "pk": 3085,
  "fields": {
    "document": 88,
    "x": 3084,
    "y": 776,
    "width": 1623,
    "height": 67,
    "angle": 0.0,
    "done": false
  }
},
{
  "model": "crowdsourcing.rectangle",
  "pk": 3086,
  "fields": {
    "document": 88,
    "x": 3098,
    "y": 864,
    "width": 1696,
    "height": 67,
    "angle": 0.0,
    "done": false
  }
},
{
  "model": "crowdsourcing.rectangle",
  "pk": 3087,
  "fields": {
    "document": 88,
    "x": 3082,
    "y": 961,
    "width": 1696,
    "height": 67,
    "angle": 0.0,
    "done": false
  }
},
{
  "model": "crowdsourcing.rectangle",
  "pk": 3088,
  "fields": {
    "document": 88,
    "x": 3058,
    "y": 1055,
    "width": 1676,
    "height": 67,
    "angle": 0.0,
    "done": false
  }
},
{
  "model": "crowdsourcing.rectangle",
  "pk": 3089,
  "fields": {
    "document": 88,
    "x": 3078,
    "y": 1150,
    "width": 1712,
    "height": 67,
    "angle": 0.0,
    "done": false
  }
},
{
  "model": "crowdsourcing.rectangle",
  "pk": 3090,
  "fields": {
    "document": 88,
    "x": 3091,
    "y": 1251,
    "width": 1685,
    "height": 67,
    "angle": 0.0,
    "done": false
  }
},
{
  "model": "crowdsourcing.rectangle",
  "pk": 3091,
  "fields": {
    "document": 88,
    "x": 3087,
    "y": 1357,
    "width": 1776,
    "height": 67,
    "angle": 0.0,
    "done": false
  }
},
{
  "model": "crowdsourcing.rectangle",
  "pk": 3092,
  "fields": {
    "document": 88,
    "x": 3083,
    "y": 1463,
    "width": 1803,
    "height": 67,
    "angle": 0.0,
    "done": false
  }
},
{
  "model": "crowdsourcing.rectangle",
  "pk": 3093,
  "fields": {
    "document": 88,
    "x": 3065,
    "y": 1564,
    "width": 1757,
    "height": 67,
    "angle": 0.0,
    "done": false
  }
},
{
  "model": "crowdsourcing.rectangle",
  "pk": 3094,
  "fields": {
    "document": 88,
    "x": 3067,
    "y": 1678,
    "width": 1790,
    "height": 67,
    "angle": 0.0,
    "done": false
  }
},
{
  "model": "crowdsourcing.rectangle",
  "pk": 3095,
  "fields": {
    "document": 88,
    "x": 3045,
    "y": 1766,
    "width": 1775,
    "height": 85,
    "angle": 0.0,
    "done": false
  }
},
{
  "model": "crowdsourcing.rectangle",
  "pk": 3096,
  "fields": {
    "document": 88,
    "x": 3056,
    "y": 1877,
    "width": 1777,
    "height": 85,
    "angle": 0.0,
    "done": false
  }
},
{
  "model": "crowdsourcing.rectangle",
  "pk": 3097,
  "fields": {
    "document": 88,
    "x": 3065,
    "y": 1970,
    "width": 1755,
    "height": 85,
    "angle": 0.0,
    "done": false
  }
},
{
  "model": "crowdsourcing.rectangle",
  "pk": 3098,
  "fields": {
    "document": 88,
    "x": 3059,
    "y": 2070,
    "width": 1721,
    "height": 85,
    "angle": 0.0,
    "done": false
  }
},
{
  "model": "crowdsourcing.rectangle",
  "pk": 3099,
  "fields": {
    "document": 88,
    "x": 3072,
    "y": 2185,
    "width": 1721,
    "height": 85,
    "angle": 0.0,
    "done": false
  }
},
{
  "model": "crowdsourcing.rectangle",
  "pk": 3100,
  "fields": {
    "document": 88,
    "x": 3067,
    "y": 2292,
    "width": 1721,
    "height": 85,
    "angle": 0.0,
    "done": false
  }
},
{
  "model": "crowdsourcing.rectangle",
  "pk": 3101,
  "fields": {
    "document": 88,
    "x": 3026,
    "y": 2382,
    "width": 1832,
    "height": 85,
    "angle": 1.2520956636009792,
    "done": false
  }
},
{
  "model": "crowdsourcing.rectangle",
  "pk": 3102,
  "fields": {
    "document": 88,
    "x": 3031,
    "y": 2492,
    "width": 1832,
    "height": 85,
    "angle": 1.2521,
    "done": false
  }
},
{
  "model": "crowdsourcing.rectangle",
  "pk": 3103,
  "fields": {
    "document": 88,
    "x": 3029,
    "y": 2600,
    "width": 1750,
    "height": 85,
    "angle": 1.2521,
    "done": false
  }
},
{
  "model": "crowdsourcing.rectangle",
  "pk": 3104,
  "fields": {
    "document": 88,
    "x": 3051,
    "y": 2703,
    "width": 1790,
    "height": 91,
    "angle": 1.2521,
    "done": false
  }
},
{
  "model": "crowdsourcing.rectangle",
  "pk": 3105,
  "fields": {
    "document": 88,
    "x": 2991,
    "y": 2819,
    "width": 1856,
    "height": 91,
    "angle": 1.2521,
    "done": false
  }
},
{
  "model": "crowdsourcing.rectangle",
  "pk": 3106,
  "fields": {
    "document": 89,
    "x": 1131,
    "y": 176,
    "width": 926,
    "height": 103,
    "angle": 2.308743193377509,
    "done": false
  }
},
{
  "model": "crowdsourcing.rectangle",
  "pk": 3107,
  "fields": {
    "document": 89,
    "x": 722,
    "y": 341,
    "width": 1805,
    "height": 103,
    "angle": 2.3087,
    "done": false
  }
},
{
  "model": "crowdsourcing.rectangle",
  "pk": 3108,
  "fields": {
    "document": 89,
    "x": 728,
    "y": 455,
    "width": 1767,
    "height": 66,
    "angle": 2.3087,
    "done": false
  }
},
{
  "model": "crowdsourcing.rectangle",
  "pk": 3109,
  "fields": {
    "document": 89,
    "x": 768,
    "y": 498,
    "width": 1767,
    "height": 80,
    "angle": 3.1685102987070697,
    "done": false
  }
},
{
  "model": "crowdsourcing.rectangle",
  "pk": 3110,
  "fields": {
    "document": 89,
    "x": 766,
    "y": 581,
    "width": 1767,
    "height": 80,
    "angle": 3.1685,
    "done": false
  }
},
{
  "model": "crowdsourcing.rectangle",
  "pk": 3111,
  "fields": {
    "document": 89,
    "x": 780,
    "y": 679,
    "width": 1767,
    "height": 80,
    "angle": 3.1685,
    "done": false
  }
},
{
  "model": "crowdsourcing.rectangle",
  "pk": 3112,
  "fields": {
    "document": 89,
    "x": 772,
    "y": 755,
    "width": 1767,
    "height": 80,
    "angle": 3.1685,
    "done": false
  }
},
{
  "model": "crowdsourcing.rectangle",
  "pk": 3113,
  "fields": {
    "document": 89,
    "x": 774,
    "y": 838,
    "width": 1767,
    "height": 80,
    "angle": 3.1685,
    "done": false
  }
},
{
  "model": "crowdsourcing.rectangle",
  "pk": 3114,
  "fields": {
    "document": 89,
    "x": 737,
    "y": 944,
    "width": 1819,
    "height": 80,
    "angle": 2.1775530280576514,
    "done": false
  }
},
{
  "model": "crowdsourcing.rectangle",
  "pk": 3115,
  "fields": {
    "document": 89,
    "x": 741,
    "y": 1024,
    "width": 1819,
    "height": 80,
    "angle": 2.1776,
    "done": false
  }
},
{
  "model": "crowdsourcing.rectangle",
  "pk": 3116,
  "fields": {
    "document": 89,
    "x": 751,
    "y": 1120,
    "width": 1819,
    "height": 80,
    "angle": 2.1776,
    "done": false
  }
},
{
  "model": "crowdsourcing.rectangle",
  "pk": 3117,
  "fields": {
    "document": 89,
    "x": 737,
    "y": 1207,
    "width": 1819,
    "height": 80,
    "angle": 2.1776,
    "done": false
  }
},
{
  "model": "crowdsourcing.rectangle",
  "pk": 3118,
  "fields": {
    "document": 89,
    "x": 745,
    "y": 1291,
    "width": 1819,
    "height": 80,
    "angle": 2.1776,
    "done": false
  }
},
{
  "model": "crowdsourcing.rectangle",
  "pk": 3119,
  "fields": {
    "document": 89,
    "x": 747,
    "y": 1390,
    "width": 1819,
    "height": 80,
    "angle": 2.1776,
    "done": false
  }
},
{
  "model": "crowdsourcing.rectangle",
  "pk": 3120,
  "fields": {
    "document": 89,
    "x": 745,
    "y": 1488,
    "width": 1819,
    "height": 80,
    "angle": 2.1776,
    "done": false
  }
},
{
  "model": "crowdsourcing.rectangle",
  "pk": 3121,
  "fields": {
    "document": 89,
    "x": 741,
    "y": 1583,
    "width": 1819,
    "height": 80,
    "angle": 2.1776,
    "done": false
  }
},
{
  "model": "crowdsourcing.rectangle",
  "pk": 3122,
  "fields": {
    "document": 89,
    "x": 739,
    "y": 1679,
    "width": 1819,
    "height": 80,
    "angle": 2.1776,
    "done": false
  }
},
{
  "model": "crowdsourcing.rectangle",
  "pk": 3123,
  "fields": {
    "document": 89,
    "x": 714,
    "y": 1781,
    "width": 1819,
    "height": 80,
    "angle": 1.601784338267641,
    "done": false
  }
},
{
  "model": "crowdsourcing.rectangle",
  "pk": 3124,
  "fields": {
    "document": 89,
    "x": 728,
    "y": 1879,
    "width": 1819,
    "height": 80,
    "angle": 1.6018,
    "done": false
  }
},
{
  "model": "crowdsourcing.rectangle",
  "pk": 3125,
  "fields": {
    "document": 89,
    "x": 728,
    "y": 1978,
    "width": 1768,
    "height": 80,
    "angle": 1.6018,
    "done": false
  }
},
{
  "model": "crowdsourcing.rectangle",
  "pk": 3126,
  "fields": {
    "document": 89,
    "x": 675,
    "y": 2072,
    "width": 1819,
    "height": 80,
    "angle": 1.6018,
    "done": false
  }
},
{
  "model": "crowdsourcing.rectangle",
  "pk": 3127,
  "fields": {
    "document": 89,
    "x": 698,
    "y": 2172,
    "width": 1819,
    "height": 80,
    "angle": 1.6018,
    "done": false
  }
},
{
  "model": "crowdsourcing.rectangle",
  "pk": 3128,
  "fields": {
    "document": 89,
    "x": 714,
    "y": 2257,
    "width": 1819,
    "height": 80,
    "angle": 1.6018,
    "done": false
  }
},
{
  "model": "crowdsourcing.rectangle",
  "pk": 3129,
  "fields": {
    "document": 89,
    "x": 728,
    "y": 2353,
    "width": 1780,
    "height": 80,
    "angle": 1.6018,
    "done": false
  }
},
{
  "model": "crowdsourcing.rectangle",
  "pk": 3130,
  "fields": {
    "document": 89,
    "x": 727,
    "y": 2440,
    "width": 1736,
    "height": 80,
    "angle": 1.6018,
    "done": false
  }
},
{
  "model": "crowdsourcing.rectangle",
  "pk": 3131,
  "fields": {
    "document": 89,
    "x": 712,
    "y": 2544,
    "width": 1778,
    "height": 80,
    "angle": 1.6018,
    "done": false
  }
},
{
  "model": "crowdsourcing.rectangle",
  "pk": 3132,
  "fields": {
    "document": 89,
    "x": 716,
    "y": 2627,
    "width": 1778,
    "height": 80,
    "angle": 1.6018,
    "done": false
  }
},
{
  "model": "crowdsourcing.rectangle",
  "pk": 3133,
  "fields": {
    "document": 89,
    "x": 726,
    "y": 2717,
    "width": 1778,
    "height": 80,
    "angle": 1.6018,
    "done": false
  }
},
{
  "model": "crowdsourcing.rectangle",
  "pk": 3134,
  "fields": {
    "document": 89,
    "x": 698,
    "y": 2816,
    "width": 1778,
    "height": 80,
    "angle": 1.6018,
    "done": false
  }
},
{
  "model": "crowdsourcing.rectangle",
  "pk": 3135,
  "fields": {
    "document": 89,
    "x": 4451,
    "y": 238,
    "width": 270,
    "height": 135,
    "angle": 0.0,
    "done": false
  }
},
{
  "model": "crowdsourcing.rectangle",
  "pk": 3136,
  "fields": {
    "document": 89,
    "x": 3073,
    "y": 420,
    "width": 1654,
    "height": 67,
    "angle": 0.0,
    "done": false
  }
},
{
  "model": "crowdsourcing.rectangle",
  "pk": 3137,
  "fields": {
    "document": 89,
    "x": 3093,
    "y": 514,
    "width": 1654,
    "height": 67,
    "angle": 0.0,
    "done": false
  }
},
{
  "model": "crowdsourcing.rectangle",
  "pk": 3138,
  "fields": {
    "document": 89,
    "x": 3082,
    "y": 598,
    "width": 1654,
    "height": 67,
    "angle": 0.0,
    "done": false
  }
},
{
  "model": "crowdsourcing.rectangle",
  "pk": 3139,
  "fields": {
    "document": 89,
    "x": 3082,
    "y": 690,
    "width": 1623,
    "height": 67,
    "angle": 0.0,
    "done": false
  }
},
{
  "model": "crowdsourcing.rectangle",
  "pk": 3140,
  "fields": {
    "document": 89,
    "x": 3084,
    "y": 776,
    "width": 1623,
    "height": 67,
    "angle": 0.0,
    "done": false
  }
},
{
  "model": "crowdsourcing.rectangle",
  "pk": 3141,
  "fields": {
    "document": 89,
    "x": 3098,
    "y": 864,
    "width": 1696,
    "height": 67,
    "angle": 0.0,
    "done": false
  }
},
{
  "model": "crowdsourcing.rectangle",
  "pk": 3142,
  "fields": {
    "document": 89,
    "x": 3082,
    "y": 961,
    "width": 1696,
    "height": 67,
    "angle": 0.0,
    "done": false
  }
},
{
  "model": "crowdsourcing.rectangle",
  "pk": 3143,
  "fields": {
    "document": 89,
    "x": 3058,
    "y": 1055,
    "width": 1676,
    "height": 67,
    "angle": 0.0,
    "done": false
  }
},
{
  "model": "crowdsourcing.rectangle",
  "pk": 3144,
  "fields": {
    "document": 89,
    "x": 3078,
    "y": 1150,
    "width": 1712,
    "height": 67,
    "angle": 0.0,
    "done": false
  }
},
{
  "model": "crowdsourcing.rectangle",
  "pk": 3145,
  "fields": {
    "document": 89,
    "x": 3091,
    "y": 1251,
    "width": 1685,
    "height": 67,
    "angle": 0.0,
    "done": false
  }
},
{
  "model": "crowdsourcing.rectangle",
  "pk": 3146,
  "fields": {
    "document": 89,
    "x": 3087,
    "y": 1357,
    "width": 1776,
    "height": 67,
    "angle": 0.0,
    "done": false
  }
},
{
  "model": "crowdsourcing.rectangle",
  "pk": 3147,
  "fields": {
    "document": 89,
    "x": 3083,
    "y": 1463,
    "width": 1803,
    "height": 67,
    "angle": 0.0,
    "done": false
  }
},
{
  "model": "crowdsourcing.rectangle",
  "pk": 3148,
  "fields": {
    "document": 89,
    "x": 3065,
    "y": 1564,
    "width": 1757,
    "height": 67,
    "angle": 0.0,
    "done": false
  }
},
{
  "model": "crowdsourcing.rectangle",
  "pk": 3149,
  "fields": {
    "document": 89,
    "x": 3067,
    "y": 1678,
    "width": 1790,
    "height": 67,
    "angle": 0.0,
    "done": false
  }
},
{
  "model": "crowdsourcing.rectangle",
  "pk": 3150,
  "fields": {
    "document": 89,
    "x": 3045,
    "y": 1766,
    "width": 1775,
    "height": 85,
    "angle": 0.0,
    "done": false
  }
},
{
  "model": "crowdsourcing.rectangle",
  "pk": 3151,
  "fields": {
    "document": 89,
    "x": 3056,
    "y": 1877,
    "width": 1777,
    "height": 85,
    "angle": 0.0,
    "done": false
  }
},
{
  "model": "crowdsourcing.rectangle",
  "pk": 3152,
  "fields": {
    "document": 89,
    "x": 3065,
    "y": 1970,
    "width": 1755,
    "height": 85,
    "angle": 0.0,
    "done": false
  }
},
{
  "model": "crowdsourcing.rectangle",
  "pk": 3153,
  "fields": {
    "document": 89,
    "x": 3059,
    "y": 2070,
    "width": 1721,
    "height": 85,
    "angle": 0.0,
    "done": false
  }
},
{
  "model": "crowdsourcing.rectangle",
  "pk": 3154,
  "fields": {
    "document": 89,
    "x": 3072,
    "y": 2185,
    "width": 1721,
    "height": 85,
    "angle": 0.0,
    "done": false
  }
},
{
  "model": "crowdsourcing.rectangle",
  "pk": 3155,
  "fields": {
    "document": 89,
    "x": 3067,
    "y": 2292,
    "width": 1721,
    "height": 85,
    "angle": 0.0,
    "done": false
  }
},
{
  "model": "crowdsourcing.rectangle",
  "pk": 3156,
  "fields": {
    "document": 89,
    "x": 3026,
    "y": 2382,
    "width": 1832,
    "height": 85,
    "angle": 1.2520956636009792,
    "done": false
  }
},
{
  "model": "crowdsourcing.rectangle",
  "pk": 3157,
  "fields": {
    "document": 89,
    "x": 3031,
    "y": 2492,
    "width": 1832,
    "height": 85,
    "angle": 1.2521,
    "done": false
  }
},
{
  "model": "crowdsourcing.rectangle",
  "pk": 3158,
  "fields": {
    "document": 89,
    "x": 3029,
    "y": 2600,
    "width": 1750,
    "height": 85,
    "angle": 1.2521,
    "done": false
  }
},
{
  "model": "crowdsourcing.rectangle",
  "pk": 3159,
  "fields": {
    "document": 89,
    "x": 3051,
    "y": 2703,
    "width": 1790,
    "height": 91,
    "angle": 1.2521,
    "done": false
  }
},
{
  "model": "crowdsourcing.rectangle",
  "pk": 3160,
  "fields": {
    "document": 89,
    "x": 2991,
    "y": 2819,
    "width": 1856,
    "height": 91,
    "angle": 1.2521,
    "done": false
  }
},
{
  "model": "crowdsourcing.rectangle",
  "pk": 3161,
  "fields": {
    "document": 90,
    "x": 1131,
    "y": 176,
    "width": 926,
    "height": 103,
    "angle": 2.308743193377509,
    "done": false
  }
},
{
  "model": "crowdsourcing.rectangle",
  "pk": 3162,
  "fields": {
    "document": 90,
    "x": 722,
    "y": 341,
    "width": 1805,
    "height": 103,
    "angle": 2.3087,
    "done": true
  }
},
{
  "model": "crowdsourcing.rectangle",
  "pk": 3163,
  "fields": {
    "document": 90,
    "x": 728,
    "y": 455,
    "width": 1767,
    "height": 66,
    "angle": 2.3087,
    "done": true
  }
},
{
  "model": "crowdsourcing.rectangle",
  "pk": 3164,
  "fields": {
    "document": 90,
    "x": 768,
    "y": 498,
    "width": 1767,
    "height": 80,
    "angle": 3.1685102987070697,
    "done": true
  }
},
{
  "model": "crowdsourcing.rectangle",
  "pk": 3165,
  "fields": {
    "document": 90,
    "x": 766,
    "y": 581,
    "width": 1767,
    "height": 80,
    "angle": 3.1685,
    "done": true
  }
},
{
  "model": "crowdsourcing.rectangle",
  "pk": 3166,
  "fields": {
    "document": 90,
    "x": 780,
    "y": 679,
    "width": 1767,
    "height": 80,
    "angle": 3.1685,
    "done": true
  }
},
{
  "model": "crowdsourcing.rectangle",
  "pk": 3167,
  "fields": {
    "document": 90,
    "x": 772,
    "y": 755,
    "width": 1767,
    "height": 80,
    "angle": 3.1685,
    "done": true
  }
},
{
  "model": "crowdsourcing.rectangle",
  "pk": 3168,
  "fields": {
    "document": 90,
    "x": 774,
    "y": 838,
    "width": 1767,
    "height": 80,
    "angle": 3.1685,
    "done": true
  }
},
{
  "model": "crowdsourcing.rectangle",
  "pk": 3169,
  "fields": {
    "document": 90,
    "x": 737,
    "y": 944,
    "width": 1819,
    "height": 80,
    "angle": 2.1775530280576514,
    "done": true
  }
},
{
  "model": "crowdsourcing.rectangle",
  "pk": 3170,
  "fields": {
    "document": 90,
    "x": 741,
    "y": 1024,
    "width": 1819,
    "height": 80,
    "angle": 2.1776,
    "done": true
  }
},
{
  "model": "crowdsourcing.rectangle",
  "pk": 3171,
  "fields": {
    "document": 90,
    "x": 751,
    "y": 1120,
    "width": 1819,
    "height": 80,
    "angle": 2.1776,
    "done": true
  }
},
{
  "model": "crowdsourcing.rectangle",
  "pk": 3172,
  "fields": {
    "document": 90,
    "x": 737,
    "y": 1207,
    "width": 1819,
    "height": 80,
    "angle": 2.1776,
    "done": true
  }
},
{
  "model": "crowdsourcing.rectangle",
  "pk": 3173,
  "fields": {
    "document": 90,
    "x": 745,
    "y": 1291,
    "width": 1819,
    "height": 80,
    "angle": 2.1776,
    "done": true
  }
},
{
  "model": "crowdsourcing.rectangle",
  "pk": 3174,
  "fields": {
    "document": 90,
    "x": 747,
    "y": 1390,
    "width": 1819,
    "height": 80,
    "angle": 2.1776,
    "done": true
  }
},
{
  "model": "crowdsourcing.rectangle",
  "pk": 3175,
  "fields": {
    "document": 90,
    "x": 745,
    "y": 1488,
    "width": 1819,
    "height": 80,
    "angle": 2.1776,
    "done": true
  }
},
{
  "model": "crowdsourcing.rectangle",
  "pk": 3176,
  "fields": {
    "document": 90,
    "x": 741,
    "y": 1583,
    "width": 1819,
    "height": 80,
    "angle": 2.1776,
    "done": true
  }
},
{
  "model": "crowdsourcing.rectangle",
  "pk": 3177,
  "fields": {
    "document": 90,
    "x": 739,
    "y": 1679,
    "width": 1819,
    "height": 80,
    "angle": 2.1776,
    "done": true
  }
},
{
  "model": "crowdsourcing.rectangle",
  "pk": 3178,
  "fields": {
    "document": 90,
    "x": 714,
    "y": 1781,
    "width": 1819,
    "height": 80,
    "angle": 1.601784338267641,
    "done": true
  }
},
{
  "model": "crowdsourcing.rectangle",
  "pk": 3179,
  "fields": {
    "document": 90,
    "x": 728,
    "y": 1879,
    "width": 1819,
    "height": 80,
    "angle": 1.6018,
    "done": true
  }
},
{
  "model": "crowdsourcing.rectangle",
  "pk": 3180,
  "fields": {
    "document": 90,
    "x": 728,
    "y": 1978,
    "width": 1768,
    "height": 80,
    "angle": 1.6018,
    "done": true
  }
},
{
  "model": "crowdsourcing.rectangle",
  "pk": 3181,
  "fields": {
    "document": 90,
    "x": 675,
    "y": 2072,
    "width": 1819,
    "height": 80,
    "angle": 1.6018,
    "done": true
  }
},
{
  "model": "crowdsourcing.rectangle",
  "pk": 3182,
  "fields": {
    "document": 90,
    "x": 698,
    "y": 2172,
    "width": 1819,
    "height": 80,
    "angle": 1.6018,
    "done": true
  }
},
{
  "model": "crowdsourcing.rectangle",
  "pk": 3183,
  "fields": {
    "document": 90,
    "x": 714,
    "y": 2257,
    "width": 1819,
    "height": 80,
    "angle": 1.6018,
    "done": true
  }
},
{
  "model": "crowdsourcing.rectangle",
  "pk": 3184,
  "fields": {
    "document": 90,
    "x": 728,
    "y": 2353,
    "width": 1780,
    "height": 80,
    "angle": 1.6018,
    "done": true
  }
},
{
  "model": "crowdsourcing.rectangle",
  "pk": 3185,
  "fields": {
    "document": 90,
    "x": 727,
    "y": 2440,
    "width": 1736,
    "height": 80,
    "angle": 1.6018,
    "done": true
  }
},
{
  "model": "crowdsourcing.rectangle",
  "pk": 3186,
  "fields": {
    "document": 90,
    "x": 712,
    "y": 2544,
    "width": 1778,
    "height": 80,
    "angle": 1.6018,
    "done": true
  }
},
{
  "model": "crowdsourcing.rectangle",
  "pk": 3187,
  "fields": {
    "document": 90,
    "x": 716,
    "y": 2627,
    "width": 1778,
    "height": 80,
    "angle": 1.6018,
    "done": true
  }
},
{
  "model": "crowdsourcing.rectangle",
  "pk": 3188,
  "fields": {
    "document": 90,
    "x": 726,
    "y": 2717,
    "width": 1778,
    "height": 80,
    "angle": 1.6018,
    "done": true
  }
},
{
  "model": "crowdsourcing.rectangle",
  "pk": 3189,
  "fields": {
    "document": 90,
    "x": 698,
    "y": 2816,
    "width": 1778,
    "height": 80,
    "angle": 1.6018,
    "done": true
  }
},
{
  "model": "crowdsourcing.rectangle",
  "pk": 3191,
  "fields": {
    "document": 90,
    "x": 3073,
    "y": 420,
    "width": 1654,
    "height": 67,
    "angle": 0.0,
    "done": true
  }
},
{
  "model": "crowdsourcing.rectangle",
  "pk": 3192,
  "fields": {
    "document": 90,
    "x": 3093,
    "y": 514,
    "width": 1654,
    "height": 67,
    "angle": 0.0,
    "done": true
  }
},
{
  "model": "crowdsourcing.rectangle",
  "pk": 3193,
  "fields": {
    "document": 90,
    "x": 3082,
    "y": 598,
    "width": 1654,
    "height": 67,
    "angle": 0.0,
    "done": true
  }
},
{
  "model": "crowdsourcing.rectangle",
  "pk": 3194,
  "fields": {
    "document": 90,
    "x": 3082,
    "y": 690,
    "width": 1623,
    "height": 67,
    "angle": 0.0,
    "done": true
  }
},
{
  "model": "crowdsourcing.rectangle",
  "pk": 3195,
  "fields": {
    "document": 90,
    "x": 3084,
    "y": 776,
    "width": 1623,
    "height": 67,
    "angle": 0.0,
    "done": true
  }
},
{
  "model": "crowdsourcing.rectangle",
  "pk": 3196,
  "fields": {
    "document": 90,
    "x": 3098,
    "y": 864,
    "width": 1696,
    "height": 67,
    "angle": 0.0,
    "done": true
  }
},
{
  "model": "crowdsourcing.rectangle",
  "pk": 3197,
  "fields": {
    "document": 90,
    "x": 3082,
    "y": 961,
    "width": 1696,
    "height": 67,
    "angle": 0.0,
    "done": true
  }
},
{
  "model": "crowdsourcing.rectangle",
  "pk": 3198,
  "fields": {
    "document": 90,
    "x": 3058,
    "y": 1055,
    "width": 1676,
    "height": 67,
    "angle": 0.0,
    "done": true
  }
},
{
  "model": "crowdsourcing.rectangle",
  "pk": 3199,
  "fields": {
    "document": 90,
    "x": 3078,
    "y": 1150,
    "width": 1712,
    "height": 67,
    "angle": 0.0,
    "done": true
  }
},
{
  "model": "crowdsourcing.rectangle",
  "pk": 3200,
  "fields": {
    "document": 90,
    "x": 3091,
    "y": 1251,
    "width": 1685,
    "height": 67,
    "angle": 0.0,
    "done": true
  }
},
{
  "model": "crowdsourcing.rectangle",
  "pk": 3201,
  "fields": {
    "document": 90,
    "x": 3087,
    "y": 1357,
    "width": 1776,
    "height": 67,
    "angle": 0.0,
    "done": true
  }
},
{
  "model": "crowdsourcing.rectangle",
  "pk": 3202,
  "fields": {
    "document": 90,
    "x": 3083,
    "y": 1463,
    "width": 1803,
    "height": 67,
    "angle": 0.0,
    "done": true
  }
},
{
  "model": "crowdsourcing.rectangle",
  "pk": 3203,
  "fields": {
    "document": 90,
    "x": 3065,
    "y": 1564,
    "width": 1757,
    "height": 67,
    "angle": 0.0,
    "done": true
  }
},
{
  "model": "crowdsourcing.rectangle",
  "pk": 3204,
  "fields": {
    "document": 90,
    "x": 3067,
    "y": 1678,
    "width": 1790,
    "height": 67,
    "angle": 0.0,
    "done": true
  }
},
{
  "model": "crowdsourcing.rectangle",
  "pk": 3205,
  "fields": {
    "document": 90,
    "x": 3045,
    "y": 1766,
    "width": 1775,
    "height": 85,
    "angle": 0.0,
    "done": true
  }
},
{
  "model": "crowdsourcing.rectangle",
  "pk": 3206,
  "fields": {
    "document": 90,
    "x": 3056,
    "y": 1877,
    "width": 1777,
    "height": 85,
    "angle": 0.0,
    "done": true
  }
},
{
  "model": "crowdsourcing.rectangle",
  "pk": 3207,
  "fields": {
    "document": 90,
    "x": 3065,
    "y": 1970,
    "width": 1755,
    "height": 85,
    "angle": 0.0,
    "done": true
  }
},
{
  "model": "crowdsourcing.rectangle",
  "pk": 3208,
  "fields": {
    "document": 90,
    "x": 3059,
    "y": 2070,
    "width": 1721,
    "height": 85,
    "angle": 0.0,
    "done": true
  }
},
{
  "model": "crowdsourcing.rectangle",
  "pk": 3209,
  "fields": {
    "document": 90,
    "x": 3072,
    "y": 2185,
    "width": 1721,
    "height": 85,
    "angle": 0.0,
    "done": true
  }
},
{
  "model": "crowdsourcing.rectangle",
  "pk": 3210,
  "fields": {
    "document": 90,
    "x": 3067,
    "y": 2292,
    "width": 1721,
    "height": 85,
    "angle": 0.0,
    "done": true
  }
},
{
  "model": "crowdsourcing.rectangle",
  "pk": 3211,
  "fields": {
    "document": 90,
    "x": 3026,
    "y": 2382,
    "width": 1832,
    "height": 85,
    "angle": 1.2520956636009792,
    "done": true
  }
},
{
  "model": "crowdsourcing.rectangle",
  "pk": 3212,
  "fields": {
    "document": 90,
    "x": 3031,
    "y": 2492,
    "width": 1832,
    "height": 85,
    "angle": 1.2521,
    "done": true
  }
},
{
  "model": "crowdsourcing.rectangle",
  "pk": 3213,
  "fields": {
    "document": 90,
    "x": 3029,
    "y": 2600,
    "width": 1750,
    "height": 85,
    "angle": 1.2521,
    "done": true
  }
},
{
  "model": "crowdsourcing.rectangle",
  "pk": 3214,
  "fields": {
    "document": 90,
    "x": 3051,
    "y": 2703,
    "width": 1790,
    "height": 91,
    "angle": 1.2521,
    "done": true
  }
},
{
  "model": "crowdsourcing.rectangle",
  "pk": 3215,
  "fields": {
    "document": 90,
    "x": 2991,
    "y": 2819,
    "width": 1856,
    "height": 91,
    "angle": 1.2521,
    "done": true
  }
},
{
  "model": "crowdsourcing.rectangle",
  "pk": 3216,
  "fields": {
    "document": 91,
    "x": 1131,
    "y": 176,
    "width": 926,
    "height": 103,
    "angle": 2.308743193377509,
    "done": true
  }
},
{
  "model": "crowdsourcing.rectangle",
  "pk": 3217,
  "fields": {
    "document": 91,
    "x": 722,
    "y": 341,
    "width": 1805,
    "height": 103,
    "angle": 2.3087,
    "done": true
  }
},
{
  "model": "crowdsourcing.rectangle",
  "pk": 3218,
  "fields": {
    "document": 91,
    "x": 728,
    "y": 455,
    "width": 1767,
    "height": 66,
    "angle": 2.3087,
    "done": true
  }
},
{
  "model": "crowdsourcing.rectangle",
  "pk": 3219,
  "fields": {
    "document": 91,
    "x": 768,
    "y": 498,
    "width": 1767,
    "height": 80,
    "angle": 3.1685102987070697,
    "done": true
  }
},
{
  "model": "crowdsourcing.rectangle",
  "pk": 3220,
  "fields": {
    "document": 91,
    "x": 766,
    "y": 581,
    "width": 1767,
    "height": 80,
    "angle": 3.1685,
    "done": true
  }
},
{
  "model": "crowdsourcing.rectangle",
  "pk": 3221,
  "fields": {
    "document": 91,
    "x": 780,
    "y": 679,
    "width": 1767,
    "height": 80,
    "angle": 3.1685,
    "done": true
  }
},
{
  "model": "crowdsourcing.rectangle",
  "pk": 3222,
  "fields": {
    "document": 91,
    "x": 772,
    "y": 755,
    "width": 1767,
    "height": 80,
    "angle": 3.1685,
    "done": true
  }
},
{
  "model": "crowdsourcing.rectangle",
  "pk": 3223,
  "fields": {
    "document": 91,
    "x": 774,
    "y": 838,
    "width": 1767,
    "height": 80,
    "angle": 3.1685,
    "done": true
  }
},
{
  "model": "crowdsourcing.rectangle",
  "pk": 3224,
  "fields": {
    "document": 91,
    "x": 737,
    "y": 944,
    "width": 1819,
    "height": 80,
    "angle": 2.1775530280576514,
    "done": true
  }
},
{
  "model": "crowdsourcing.rectangle",
  "pk": 3225,
  "fields": {
    "document": 91,
    "x": 741,
    "y": 1024,
    "width": 1819,
    "height": 80,
    "angle": 2.1776,
    "done": true
  }
},
{
  "model": "crowdsourcing.rectangle",
  "pk": 3226,
  "fields": {
    "document": 91,
    "x": 751,
    "y": 1120,
    "width": 1819,
    "height": 80,
    "angle": 2.1776,
    "done": true
  }
},
{
  "model": "crowdsourcing.rectangle",
  "pk": 3227,
  "fields": {
    "document": 91,
    "x": 737,
    "y": 1207,
    "width": 1819,
    "height": 80,
    "angle": 2.1776,
    "done": true
  }
},
{
  "model": "crowdsourcing.rectangle",
  "pk": 3228,
  "fields": {
    "document": 91,
    "x": 745,
    "y": 1291,
    "width": 1819,
    "height": 80,
    "angle": 2.1776,
    "done": true
  }
},
{
  "model": "crowdsourcing.rectangle",
  "pk": 3229,
  "fields": {
    "document": 91,
    "x": 747,
    "y": 1390,
    "width": 1819,
    "height": 80,
    "angle": 2.1776,
    "done": true
  }
},
{
  "model": "crowdsourcing.rectangle",
  "pk": 3230,
  "fields": {
    "document": 91,
    "x": 745,
    "y": 1488,
    "width": 1819,
    "height": 80,
    "angle": 2.1776,
    "done": true
  }
},
{
  "model": "crowdsourcing.rectangle",
  "pk": 3231,
  "fields": {
    "document": 91,
    "x": 741,
    "y": 1583,
    "width": 1819,
    "height": 80,
    "angle": 2.1776,
    "done": true
  }
},
{
  "model": "crowdsourcing.rectangle",
  "pk": 3232,
  "fields": {
    "document": 91,
    "x": 739,
    "y": 1679,
    "width": 1819,
    "height": 80,
    "angle": 2.1776,
    "done": true
  }
},
{
  "model": "crowdsourcing.rectangle",
  "pk": 3233,
  "fields": {
    "document": 91,
    "x": 714,
    "y": 1781,
    "width": 1819,
    "height": 80,
    "angle": 1.601784338267641,
    "done": true
  }
},
{
  "model": "crowdsourcing.rectangle",
  "pk": 3234,
  "fields": {
    "document": 91,
    "x": 728,
    "y": 1879,
    "width": 1819,
    "height": 80,
    "angle": 1.6018,
    "done": true
  }
},
{
  "model": "crowdsourcing.rectangle",
  "pk": 3235,
  "fields": {
    "document": 91,
    "x": 728,
    "y": 1978,
    "width": 1768,
    "height": 80,
    "angle": 1.6018,
    "done": true
  }
},
{
  "model": "crowdsourcing.rectangle",
  "pk": 3236,
  "fields": {
    "document": 91,
    "x": 675,
    "y": 2072,
    "width": 1819,
    "height": 80,
    "angle": 1.6018,
    "done": true
  }
},
{
  "model": "crowdsourcing.rectangle",
  "pk": 3237,
  "fields": {
    "document": 91,
    "x": 698,
    "y": 2172,
    "width": 1819,
    "height": 80,
    "angle": 1.6018,
    "done": true
  }
},
{
  "model": "crowdsourcing.rectangle",
  "pk": 3238,
  "fields": {
    "document": 91,
    "x": 714,
    "y": 2257,
    "width": 1819,
    "height": 80,
    "angle": 1.6018,
    "done": true
  }
},
{
  "model": "crowdsourcing.rectangle",
  "pk": 3239,
  "fields": {
    "document": 91,
    "x": 728,
    "y": 2353,
    "width": 1780,
    "height": 80,
    "angle": 1.6018,
    "done": true
  }
},
{
  "model": "crowdsourcing.rectangle",
  "pk": 3240,
  "fields": {
    "document": 91,
    "x": 727,
    "y": 2440,
    "width": 1736,
    "height": 80,
    "angle": 1.6018,
    "done": true
  }
},
{
  "model": "crowdsourcing.rectangle",
  "pk": 3241,
  "fields": {
    "document": 91,
    "x": 712,
    "y": 2544,
    "width": 1778,
    "height": 80,
    "angle": 1.6018,
    "done": true
  }
},
{
  "model": "crowdsourcing.rectangle",
  "pk": 3242,
  "fields": {
    "document": 91,
    "x": 716,
    "y": 2627,
    "width": 1778,
    "height": 80,
    "angle": 1.6018,
    "done": true
  }
},
{
  "model": "crowdsourcing.rectangle",
  "pk": 3243,
  "fields": {
    "document": 91,
    "x": 726,
    "y": 2717,
    "width": 1778,
    "height": 80,
    "angle": 1.6018,
    "done": true
  }
},
{
  "model": "crowdsourcing.rectangle",
  "pk": 3244,
  "fields": {
    "document": 91,
    "x": 698,
    "y": 2816,
    "width": 1778,
    "height": 80,
    "angle": 1.6018,
    "done": true
  }
},
{
  "model": "crowdsourcing.rectangle",
  "pk": 3246,
  "fields": {
    "document": 91,
    "x": 3073,
    "y": 420,
    "width": 1654,
    "height": 67,
    "angle": 0.0,
    "done": true
  }
},
{
  "model": "crowdsourcing.rectangle",
  "pk": 3247,
  "fields": {
    "document": 91,
    "x": 3093,
    "y": 514,
    "width": 1654,
    "height": 67,
    "angle": 0.0,
    "done": true
  }
},
{
  "model": "crowdsourcing.rectangle",
  "pk": 3248,
  "fields": {
    "document": 91,
    "x": 3082,
    "y": 598,
    "width": 1654,
    "height": 67,
    "angle": 0.0,
    "done": true
  }
},
{
  "model": "crowdsourcing.rectangle",
  "pk": 3249,
  "fields": {
    "document": 91,
    "x": 3082,
    "y": 690,
    "width": 1623,
    "height": 67,
    "angle": 0.0,
    "done": true
  }
},
{
  "model": "crowdsourcing.rectangle",
  "pk": 3250,
  "fields": {
    "document": 91,
    "x": 3084,
    "y": 776,
    "width": 1623,
    "height": 67,
    "angle": 0.0,
    "done": true
  }
},
{
  "model": "crowdsourcing.rectangle",
  "pk": 3251,
  "fields": {
    "document": 91,
    "x": 3098,
    "y": 864,
    "width": 1696,
    "height": 67,
    "angle": 0.0,
    "done": true
  }
},
{
  "model": "crowdsourcing.rectangle",
  "pk": 3252,
  "fields": {
    "document": 91,
    "x": 3082,
    "y": 961,
    "width": 1696,
    "height": 67,
    "angle": 0.0,
    "done": true
  }
},
{
  "model": "crowdsourcing.rectangle",
  "pk": 3253,
  "fields": {
    "document": 91,
    "x": 3058,
    "y": 1055,
    "width": 1676,
    "height": 67,
    "angle": 0.0,
    "done": true
  }
},
{
  "model": "crowdsourcing.rectangle",
  "pk": 3254,
  "fields": {
    "document": 91,
    "x": 3078,
    "y": 1150,
    "width": 1712,
    "height": 67,
    "angle": 0.0,
    "done": true
  }
},
{
  "model": "crowdsourcing.rectangle",
  "pk": 3255,
  "fields": {
    "document": 91,
    "x": 3091,
    "y": 1251,
    "width": 1685,
    "height": 67,
    "angle": 0.0,
    "done": true
  }
},
{
  "model": "crowdsourcing.rectangle",
  "pk": 3256,
  "fields": {
    "document": 91,
    "x": 3087,
    "y": 1357,
    "width": 1776,
    "height": 67,
    "angle": 0.0,
    "done": true
  }
},
{
  "model": "crowdsourcing.rectangle",
  "pk": 3257,
  "fields": {
    "document": 91,
    "x": 3083,
    "y": 1463,
    "width": 1803,
    "height": 67,
    "angle": 0.0,
    "done": true
  }
},
{
  "model": "crowdsourcing.rectangle",
  "pk": 3258,
  "fields": {
    "document": 91,
    "x": 3065,
    "y": 1564,
    "width": 1757,
    "height": 67,
    "angle": 0.0,
    "done": true
  }
},
{
  "model": "crowdsourcing.rectangle",
  "pk": 3259,
  "fields": {
    "document": 91,
    "x": 3067,
    "y": 1678,
    "width": 1790,
    "height": 67,
    "angle": 0.0,
    "done": true
  }
},
{
  "model": "crowdsourcing.rectangle",
  "pk": 3260,
  "fields": {
    "document": 91,
    "x": 3045,
    "y": 1766,
    "width": 1775,
    "height": 85,
    "angle": 0.0,
    "done": true
  }
},
{
  "model": "crowdsourcing.rectangle",
  "pk": 3261,
  "fields": {
    "document": 91,
    "x": 3056,
    "y": 1877,
    "width": 1777,
    "height": 85,
    "angle": 0.0,
    "done": true
  }
},
{
  "model": "crowdsourcing.rectangle",
  "pk": 3262,
  "fields": {
    "document": 91,
    "x": 3065,
    "y": 1970,
    "width": 1755,
    "height": 85,
    "angle": 0.0,
    "done": true
  }
},
{
  "model": "crowdsourcing.rectangle",
  "pk": 3263,
  "fields": {
    "document": 91,
    "x": 3059,
    "y": 2070,
    "width": 1721,
    "height": 85,
    "angle": 0.0,
    "done": true
  }
},
{
  "model": "crowdsourcing.rectangle",
  "pk": 3264,
  "fields": {
    "document": 91,
    "x": 3072,
    "y": 2185,
    "width": 1721,
    "height": 85,
    "angle": 0.0,
    "done": true
  }
},
{
  "model": "crowdsourcing.rectangle",
  "pk": 3265,
  "fields": {
    "document": 91,
    "x": 3067,
    "y": 2292,
    "width": 1721,
    "height": 85,
    "angle": 0.0,
    "done": true
  }
},
{
  "model": "crowdsourcing.rectangle",
  "pk": 3266,
  "fields": {
    "document": 91,
    "x": 3026,
    "y": 2382,
    "width": 1832,
    "height": 85,
    "angle": 1.2520956636009792,
    "done": true
  }
},
{
  "model": "crowdsourcing.rectangle",
  "pk": 3267,
  "fields": {
    "document": 91,
    "x": 3031,
    "y": 2492,
    "width": 1832,
    "height": 85,
    "angle": 1.2521,
    "done": true
  }
},
{
  "model": "crowdsourcing.rectangle",
  "pk": 3268,
  "fields": {
    "document": 91,
    "x": 3029,
    "y": 2600,
    "width": 1750,
    "height": 85,
    "angle": 1.2521,
    "done": true
  }
},
{
  "model": "crowdsourcing.rectangle",
  "pk": 3269,
  "fields": {
    "document": 91,
    "x": 3051,
    "y": 2703,
    "width": 1790,
    "height": 91,
    "angle": 1.2521,
    "done": true
  }
},
{
  "model": "crowdsourcing.rectangle",
  "pk": 3270,
  "fields": {
    "document": 91,
    "x": 2991,
    "y": 2819,
    "width": 1856,
    "height": 91,
    "angle": 1.2521,
    "done": true
  }
},
{
  "model": "crowdsourcing.rectangle",
  "pk": 3487,
  "fields": {
    "document": 101,
    "x": 1131,
    "y": 176,
    "width": 926,
    "height": 103,
    "angle": 2.308743193377509,
    "done": true
  }
},
{
  "model": "crowdsourcing.rectangle",
  "pk": 3488,
  "fields": {
    "document": 101,
    "x": 722,
    "y": 341,
    "width": 1805,
    "height": 103,
    "angle": 2.3087,
    "done": true
  }
},
{
  "model": "crowdsourcing.rectangle",
  "pk": 3489,
  "fields": {
    "document": 101,
    "x": 728,
    "y": 455,
    "width": 1767,
    "height": 66,
    "angle": 2.3087,
    "done": true
  }
},
{
  "model": "crowdsourcing.rectangle",
  "pk": 3490,
  "fields": {
    "document": 101,
    "x": 768,
    "y": 498,
    "width": 1767,
    "height": 80,
    "angle": 3.1685102987070697,
    "done": true
  }
},
{
  "model": "crowdsourcing.rectangle",
  "pk": 3491,
  "fields": {
    "document": 101,
    "x": 766,
    "y": 581,
    "width": 1767,
    "height": 80,
    "angle": 3.1685,
    "done": true
  }
},
{
  "model": "crowdsourcing.rectangle",
  "pk": 3492,
  "fields": {
    "document": 101,
    "x": 780,
    "y": 679,
    "width": 1767,
    "height": 80,
    "angle": 3.1685,
    "done": true
  }
},
{
  "model": "crowdsourcing.rectangle",
  "pk": 3493,
  "fields": {
    "document": 101,
    "x": 772,
    "y": 755,
    "width": 1767,
    "height": 80,
    "angle": 3.1685,
    "done": true
  }
},
{
  "model": "crowdsourcing.rectangle",
  "pk": 3494,
  "fields": {
    "document": 101,
    "x": 774,
    "y": 838,
    "width": 1767,
    "height": 80,
    "angle": 3.1685,
    "done": true
  }
},
{
  "model": "crowdsourcing.rectangle",
  "pk": 3495,
  "fields": {
    "document": 101,
    "x": 737,
    "y": 944,
    "width": 1819,
    "height": 80,
    "angle": 2.1775530280576514,
    "done": true
  }
},
{
  "model": "crowdsourcing.rectangle",
  "pk": 3496,
  "fields": {
    "document": 101,
    "x": 741,
    "y": 1024,
    "width": 1819,
    "height": 80,
    "angle": 2.1776,
    "done": true
  }
},
{
  "model": "crowdsourcing.rectangle",
  "pk": 3497,
  "fields": {
    "document": 101,
    "x": 751,
    "y": 1120,
    "width": 1819,
    "height": 80,
    "angle": 2.1776,
    "done": true
  }
},
{
  "model": "crowdsourcing.rectangle",
  "pk": 3498,
  "fields": {
    "document": 101,
    "x": 737,
    "y": 1207,
    "width": 1819,
    "height": 80,
    "angle": 2.1776,
    "done": true
  }
},
{
  "model": "crowdsourcing.rectangle",
  "pk": 3499,
  "fields": {
    "document": 101,
    "x": 745,
    "y": 1291,
    "width": 1819,
    "height": 80,
    "angle": 2.1776,
    "done": true
  }
},
{
  "model": "crowdsourcing.rectangle",
  "pk": 3500,
  "fields": {
    "document": 101,
    "x": 747,
    "y": 1390,
    "width": 1819,
    "height": 80,
    "angle": 2.1776,
    "done": true
  }
},
{
  "model": "crowdsourcing.rectangle",
  "pk": 3501,
  "fields": {
    "document": 101,
    "x": 745,
    "y": 1488,
    "width": 1819,
    "height": 80,
    "angle": 2.1776,
    "done": true
  }
},
{
  "model": "crowdsourcing.rectangle",
  "pk": 3502,
  "fields": {
    "document": 101,
    "x": 741,
    "y": 1583,
    "width": 1819,
    "height": 80,
    "angle": 2.1776,
    "done": true
  }
},
{
  "model": "crowdsourcing.rectangle",
  "pk": 3503,
  "fields": {
    "document": 101,
    "x": 739,
    "y": 1679,
    "width": 1819,
    "height": 80,
    "angle": 2.1776,
    "done": true
  }
},
{
  "model": "crowdsourcing.rectangle",
  "pk": 3504,
  "fields": {
    "document": 101,
    "x": 714,
    "y": 1781,
    "width": 1819,
    "height": 80,
    "angle": 1.601784338267641,
    "done": true
  }
},
{
  "model": "crowdsourcing.rectangle",
  "pk": 3505,
  "fields": {
    "document": 101,
    "x": 728,
    "y": 1879,
    "width": 1819,
    "height": 80,
    "angle": 1.6018,
    "done": true
  }
},
{
  "model": "crowdsourcing.rectangle",
  "pk": 3506,
  "fields": {
    "document": 101,
    "x": 728,
    "y": 1978,
    "width": 1768,
    "height": 80,
    "angle": 1.6018,
    "done": true
  }
},
{
  "model": "crowdsourcing.rectangle",
  "pk": 3507,
  "fields": {
    "document": 101,
    "x": 675,
    "y": 2072,
    "width": 1819,
    "height": 80,
    "angle": 1.6018,
    "done": true
  }
},
{
  "model": "crowdsourcing.rectangle",
  "pk": 3508,
  "fields": {
    "document": 101,
    "x": 698,
    "y": 2172,
    "width": 1819,
    "height": 80,
    "angle": 1.6018,
    "done": true
  }
},
{
  "model": "crowdsourcing.rectangle",
  "pk": 3509,
  "fields": {
    "document": 101,
    "x": 714,
    "y": 2257,
    "width": 1819,
    "height": 80,
    "angle": 1.6018,
    "done": true
  }
},
{
  "model": "crowdsourcing.rectangle",
  "pk": 3510,
  "fields": {
    "document": 101,
    "x": 728,
    "y": 2353,
    "width": 1780,
    "height": 80,
    "angle": 1.6018,
    "done": true
  }
},
{
  "model": "crowdsourcing.rectangle",
  "pk": 3511,
  "fields": {
    "document": 101,
    "x": 727,
    "y": 2440,
    "width": 1736,
    "height": 80,
    "angle": 1.6018,
    "done": true
  }
},
{
  "model": "crowdsourcing.rectangle",
  "pk": 3512,
  "fields": {
    "document": 101,
    "x": 712,
    "y": 2544,
    "width": 1778,
    "height": 80,
    "angle": 1.6018,
    "done": true
  }
},
{
  "model": "crowdsourcing.rectangle",
  "pk": 3513,
  "fields": {
    "document": 101,
    "x": 716,
    "y": 2627,
    "width": 1778,
    "height": 80,
    "angle": 1.6018,
    "done": true
  }
},
{
  "model": "crowdsourcing.rectangle",
  "pk": 3514,
  "fields": {
    "document": 101,
    "x": 726,
    "y": 2717,
    "width": 1778,
    "height": 80,
    "angle": 1.6018,
    "done": true
  }
},
{
  "model": "crowdsourcing.rectangle",
  "pk": 3515,
  "fields": {
    "document": 101,
    "x": 698,
    "y": 2816,
    "width": 1778,
    "height": 80,
    "angle": 1.6018,
    "done": true
  }
},
{
  "model": "crowdsourcing.rectangle",
  "pk": 3516,
  "fields": {
    "document": 101,
    "x": 3073,
    "y": 420,
    "width": 1654,
    "height": 67,
    "angle": 0.0,
    "done": true
  }
},
{
  "model": "crowdsourcing.rectangle",
  "pk": 3517,
  "fields": {
    "document": 101,
    "x": 3093,
    "y": 514,
    "width": 1654,
    "height": 67,
    "angle": 0.0,
    "done": true
  }
},
{
  "model": "crowdsourcing.rectangle",
  "pk": 3518,
  "fields": {
    "document": 101,
    "x": 3082,
    "y": 598,
    "width": 1654,
    "height": 67,
    "angle": 0.0,
    "done": true
  }
},
{
  "model": "crowdsourcing.rectangle",
  "pk": 3519,
  "fields": {
    "document": 101,
    "x": 3082,
    "y": 690,
    "width": 1623,
    "height": 67,
    "angle": 0.0,
    "done": true
  }
},
{
  "model": "crowdsourcing.rectangle",
  "pk": 3520,
  "fields": {
    "document": 101,
    "x": 3084,
    "y": 776,
    "width": 1623,
    "height": 67,
    "angle": 0.0,
    "done": true
  }
},
{
  "model": "crowdsourcing.rectangle",
  "pk": 3521,
  "fields": {
    "document": 101,
    "x": 3098,
    "y": 864,
    "width": 1696,
    "height": 67,
    "angle": 0.0,
    "done": true
  }
},
{
  "model": "crowdsourcing.rectangle",
  "pk": 3522,
  "fields": {
    "document": 101,
    "x": 3082,
    "y": 961,
    "width": 1696,
    "height": 67,
    "angle": 0.0,
    "done": true
  }
},
{
  "model": "crowdsourcing.rectangle",
  "pk": 3523,
  "fields": {
    "document": 101,
    "x": 3058,
    "y": 1055,
    "width": 1676,
    "height": 67,
    "angle": 0.0,
    "done": true
  }
},
{
  "model": "crowdsourcing.rectangle",
  "pk": 3524,
  "fields": {
    "document": 101,
    "x": 3078,
    "y": 1150,
    "width": 1712,
    "height": 67,
    "angle": 0.0,
    "done": true
  }
},
{
  "model": "crowdsourcing.rectangle",
  "pk": 3525,
  "fields": {
    "document": 101,
    "x": 3091,
    "y": 1251,
    "width": 1685,
    "height": 67,
    "angle": 0.0,
    "done": true
  }
},
{
  "model": "crowdsourcing.rectangle",
  "pk": 3526,
  "fields": {
    "document": 101,
    "x": 3087,
    "y": 1357,
    "width": 1776,
    "height": 67,
    "angle": 0.0,
    "done": true
  }
},
{
  "model": "crowdsourcing.rectangle",
  "pk": 3527,
  "fields": {
    "document": 101,
    "x": 3083,
    "y": 1463,
    "width": 1803,
    "height": 67,
    "angle": 0.0,
    "done": true
  }
},
{
  "model": "crowdsourcing.rectangle",
  "pk": 3528,
  "fields": {
    "document": 101,
    "x": 3065,
    "y": 1564,
    "width": 1757,
    "height": 67,
    "angle": 0.0,
    "done": true
  }
},
{
  "model": "crowdsourcing.rectangle",
  "pk": 3529,
  "fields": {
    "document": 101,
    "x": 3067,
    "y": 1678,
    "width": 1790,
    "height": 67,
    "angle": 0.0,
    "done": true
  }
},
{
  "model": "crowdsourcing.rectangle",
  "pk": 3530,
  "fields": {
    "document": 101,
    "x": 3045,
    "y": 1766,
    "width": 1775,
    "height": 85,
    "angle": 0.0,
    "done": true
  }
},
{
  "model": "crowdsourcing.rectangle",
  "pk": 3531,
  "fields": {
    "document": 101,
    "x": 3056,
    "y": 1877,
    "width": 1777,
    "height": 85,
    "angle": 0.0,
    "done": true
  }
},
{
  "model": "crowdsourcing.rectangle",
  "pk": 3532,
  "fields": {
    "document": 101,
    "x": 3065,
    "y": 1970,
    "width": 1755,
    "height": 85,
    "angle": 0.0,
    "done": true
  }
},
{
  "model": "crowdsourcing.rectangle",
  "pk": 3533,
  "fields": {
    "document": 101,
    "x": 3059,
    "y": 2070,
    "width": 1721,
    "height": 85,
    "angle": 0.0,
    "done": true
  }
},
{
  "model": "crowdsourcing.rectangle",
  "pk": 3534,
  "fields": {
    "document": 101,
    "x": 3072,
    "y": 2185,
    "width": 1721,
    "height": 85,
    "angle": 0.0,
    "done": true
  }
},
{
  "model": "crowdsourcing.rectangle",
  "pk": 3535,
  "fields": {
    "document": 101,
    "x": 3067,
    "y": 2292,
    "width": 1721,
    "height": 85,
    "angle": 0.0,
    "done": true
  }
},
{
  "model": "crowdsourcing.rectangle",
  "pk": 3536,
  "fields": {
    "document": 101,
    "x": 3026,
    "y": 2382,
    "width": 1832,
    "height": 85,
    "angle": 1.2520956636009792,
    "done": true
  }
},
{
  "model": "crowdsourcing.rectangle",
  "pk": 3537,
  "fields": {
    "document": 101,
    "x": 3031,
    "y": 2492,
    "width": 1832,
    "height": 85,
    "angle": 1.2521,
    "done": true
  }
},
{
  "model": "crowdsourcing.rectangle",
  "pk": 3538,
  "fields": {
    "document": 101,
    "x": 3029,
    "y": 2600,
    "width": 1750,
    "height": 85,
    "angle": 1.2521,
    "done": true
  }
},
{
  "model": "crowdsourcing.rectangle",
  "pk": 3539,
  "fields": {
    "document": 101,
    "x": 3051,
    "y": 2703,
    "width": 1790,
    "height": 91,
    "angle": 1.2521,
    "done": true
  }
},
{
  "model": "crowdsourcing.rectangle",
  "pk": 3540,
  "fields": {
    "document": 101,
    "x": 2991,
    "y": 2819,
    "width": 1856,
    "height": 91,
    "angle": 1.2521,
    "done": true
  }
},
{
  "model": "crowdsourcing.rectangle",
  "pk": 3543,
  "fields": {
    "document": 120,
    "x": 512,
    "y": 187,
    "width": 1793,
    "height": 112,
    "angle": 0.0,
    "done": false
  }
},
{
  "model": "crowdsourcing.rectangle",
  "pk": 3544,
  "fields": {
    "document": 120,
    "x": 519,
    "y": 426,
    "width": 1793,
    "height": 112,
    "angle": 0.0,
    "done": false
  }
},
{
  "model": "crowdsourcing.task",
  "pk": 58,
  "fields": {
    "document": 86,
    "user": 1,
    "stated": "2025-02-08T13:43:46.575Z",
    "ended": "2025-02-08T14:43:46.279Z",
    "status": "in_progress",
    "type": "transcription"
  }
},
{
  "model": "crowdsourcing.task",
  "pk": 59,
  "fields": {
    "document": 87,
    "user": 1,
    "stated": "2025-02-08T14:12:23.253Z",
    "ended": "2025-02-08T15:12:22.375Z",
    "status": "in_progress",
    "type": "transcription"
  }
},
{
  "model": "crowdsourcing.task",
  "pk": 60,
  "fields": {
    "document": 88,
    "user": 1,
    "stated": "2025-02-08T14:14:14.730Z",
    "ended": "2025-02-08T15:14:14.584Z",
    "status": "in_progress",
    "type": "transcription"
  }
},
{
  "model": "crowdsourcing.task",
  "pk": 61,
  "fields": {
    "document": 89,
    "user": 1,
    "stated": "2025-02-08T14:14:22.228Z",
    "ended": "2025-02-08T15:14:21.910Z",
    "status": "completed",
    "type": "transcription"
  }
},
{
  "model": "crowdsourcing.task",
  "pk": 62,
  "fields": {
    "document": 90,
    "user": 1,
    "stated": "2025-02-08T14:14:27.592Z",
    "ended": "2025-02-08T15:14:27.480Z",
    "status": "completed",
    "type": "transcription"
  }
},
{
  "model": "crowdsourcing.task",
  "pk": 63,
  "fields": {
    "document": 91,
    "user": 1,
    "stated": "2025-02-08T14:14:34.906Z",
    "ended": "2025-02-08T15:14:32.884Z",
    "status": "completed",
    "type": "transcription"
  }
},
{
  "model": "crowdsourcing.task",
  "pk": 64,
  "fields": {
    "document": 89,
    "user": 1,
    "stated": "2025-02-08T15:05:15.179Z",
    "ended": "2025-02-08T16:05:15.179Z",
    "status": "in_progress",
    "type": "verification"
  }
},
{
  "model": "crowdsourcing.task",
  "pk": 66,
  "fields": {
    "document": 90,
    "user": 1,
    "stated": "2025-02-08T15:30:27.098Z",
    "ended": "2025-02-08T16:30:27.098Z",
    "status": "completed",
    "type": "verification"
  }
},
{
  "model": "crowdsourcing.task",
  "pk": 67,
  "fields": {
    "document": 91,
    "user": 1,
    "stated": "2025-02-08T15:30:29.271Z",
    "ended": "2025-02-08T16:30:29.271Z",
    "status": "completed",
    "type": "verification"
  }
},
{
  "model": "crowdsourcing.task",
  "pk": 68,
  "fields": {
    "document": 90,
    "user": 1,
    "stated": "2025-02-08T15:32:15.511Z",
    "ended": "2025-02-08T16:32:15.510Z",
    "status": "in_progress",
    "type": "verification"
  }
},
{
  "model": "crowdsourcing.task",
  "pk": 69,
  "fields": {
    "document": 91,
    "user": 1,
    "stated": "2025-02-08T15:33:59.761Z",
    "ended": "2025-02-08T16:33:59.761Z",
    "status": "completed",
    "type": "verification"
  }
},
{
  "model": "crowdsourcing.task",
  "pk": 76,
  "fields": {
    "document": 87,
    "user": 1,
    "stated": "2025-02-11T08:53:23.683Z",
    "ended": "2025-02-11T09:53:23.566Z",
    "status": "in_progress",
    "type": "transcription"
  }
},
{
  "model": "crowdsourcing.task",
  "pk": 78,
  "fields": {
    "document": 101,
    "user": 1,
    "stated": "2025-02-11T09:15:59.477Z",
    "ended": "2025-02-08T15:14:32.884Z",
    "status": "completed",
    "type": "transcription"
  }
},
{
  "model": "crowdsourcing.task",
  "pk": 79,
  "fields": {
    "document": 101,
    "user": 1,
    "stated": "2025-02-11T09:16:04.791Z",
    "ended": "2025-02-08T16:30:29.271Z",
    "status": "completed",
    "type": "verification"
  }
},
{
  "model": "crowdsourcing.task",
  "pk": 80,
  "fields": {
    "document": 101,
    "user": 1,
    "stated": "2025-02-11T09:16:04.984Z",
    "ended": "2025-02-08T16:33:59.761Z",
    "status": "completed",
    "type": "verification"
  }
},
{
  "model": "crowdsourcing.task",
  "pk": 81,
  "fields": {
    "document": 120,
    "user": 1,
    "stated": "2025-02-11T10:22:34.050Z",
    "ended": "2025-02-11T11:22:33.763Z",
    "status": "completed",
    "type": "transcription"
  }
},
{
  "model": "crowdsourcing.task",
  "pk": 82,
  "fields": {
    "document": 120,
    "user": 1,
    "stated": "2025-02-11T10:23:01.643Z",
    "ended": "2025-02-11T11:23:01.643Z",
    "status": "completed",
    "type": "verification"
  }
},
{
  "model": "crowdsourcing.task",
  "pk": 83,
  "fields": {
    "document": 120,
    "user": 1,
    "stated": "2025-02-11T10:23:38.236Z",
    "ended": "2025-02-11T11:23:36.185Z",
    "status": "completed",
    "type": "transcription"
  }
},
{
  "model": "crowdsourcing.task",
  "pk": 84,
  "fields": {
    "document": 120,
    "user": 1,
    "stated": "2025-02-11T10:23:56.102Z",
    "ended": "2025-02-11T11:23:56.102Z",
    "status": "completed",
    "type": "verification"
  }
},
{
  "model": "crowdsourcing.task",
  "pk": 85,
  "fields": {
    "document": 120,
    "user": 1,
    "stated": "2025-02-11T10:41:44.865Z",
    "ended": "2025-02-11T11:41:44.762Z",
    "status": "in_progress",
    "type": "transcription"
  }
},
{
  "model": "crowdsourcing.subtask",
  "pk": 173,
  "fields": {
    "rectangle": 3051,
    "task": 60,
    "text": "Remission po[ur] hugenin moreau [+erreur]",
    "time": "2025-02-08T15:03:30.057Z",
    "feedback": "",
    "status": "in_progress"
  }
},
{
  "model": "crowdsourcing.subtask",
  "pk": 174,
  "fields": {
    "rectangle": 3052,
    "task": 60,
    "text": "Charles e[t]c savoir faisons a tous p[rese]ns et avenir",
    "time": "2025-02-08T15:03:30.415Z",
    "feedback": "",
    "status": "in_progress"
  }
},
{
  "model": "crowdsourcing.subtask",
  "pk": 175,
  "fields": {
    "rectangle": 3053,
    "task": 60,
    "text": "nous avoir receu lumble supplication de huguenin",
    "time": "2025-02-08T15:03:30.506Z",
    "feedback": "",
    "status": "in_progress"
  }
},
{
  "model": "crowdsourcing.subtask",
  "pk": 176,
  "fields": {
    "rectangle": 3054,
    "task": 60,
    "text": "nous avoir receu lumble supplication de huguenin",
    "time": "2025-02-08T15:03:30.581Z",
    "feedback": "",
    "status": "in_progress"
  }
},
{
  "model": "crowdsourcing.subtask",
  "pk": 177,
  "fields": {
    "rectangle": 3055,
    "task": 60,
    "text": "hostel conten[ant] com[m]ent ou mois de may en lan",
    "time": "2025-02-08T15:03:30.664Z",
    "feedback": "",
    "status": "in_progress"
  }
},
{
  "model": "crowdsourcing.subtask",
  "pk": 178,
  "fields": {
    "rectangle": 3056,
    "task": 60,
    "text": "xvc dix sept icelluy suppl[iant] print aucunes parolles",
    "time": "2025-02-08T15:03:30.748Z",
    "feedback": "",
    "status": "in_progress"
  }
},
{
  "model": "crowdsourcing.subtask",
  "pk": 179,
  "fields": {
    "rectangle": 3057,
    "task": 60,
    "text": "en ceste n[ot]re ville de bruxelles allencontre feu",
    "time": "2025-02-08T15:03:30.824Z",
    "feedback": "",
    "status": "in_progress"
  }
},
{
  "model": "crowdsourcing.subtask",
  "pk": 180,
  "fields": {
    "rectangle": 3058,
    "task": 60,
    "text": "jaques de belhe lors serviteur de feu guill[aum]e de leloo",
    "time": "2025-02-08T15:03:30.915Z",
    "feedback": "",
    "status": "in_progress"
  }
},
{
  "model": "crowdsourcing.subtask",
  "pk": 181,
  "fields": {
    "rectangle": 3059,
    "task": 60,
    "text": "aussi lors concierge de n[ot]red[it] hostel en cested[ite] n[ot]re",
    "time": "2025-02-08T15:03:30.990Z",
    "feedback": "",
    "status": "in_progress"
  }
},
{
  "model": "crowdsourcing.subtask",
  "pk": 182,
  "fields": {
    "rectangle": 3060,
    "task": 60,
    "text": "ville pour ce que icellui feu jaques demandoit",
    "time": "2025-02-08T15:03:31.082Z",
    "feedback": "",
    "status": "in_progress"
  }
},
{
  "model": "crowdsourcing.subtask",
  "pk": 183,
  "fields": {
    "rectangle": 3061,
    "task": 60,
    "text": "argent aud[it] suppl[iant] quil devoit a sond[it] feu maistre",
    "time": "2025-02-08T15:03:31.182Z",
    "feedback": "",
    "status": "in_progress"
  }
},
{
  "model": "crowdsourcing.subtask",
  "pk": 184,
  "fields": {
    "rectangle": 3062,
    "task": 60,
    "text": "a cause desquelles parolles quilz eulrent p[ar]ensemble",
    "time": "2025-02-08T15:03:31.265Z",
    "feedback": "",
    "status": "in_progress"
  }
},
{
  "model": "crowdsourcing.subtask",
  "pk": 185,
  "fields": {
    "rectangle": 3063,
    "task": 60,
    "text": "led[it] suppl[iant] bouta ou frappa du poing de sa main",
    "time": "2025-02-08T15:03:31.357Z",
    "feedback": "",
    "status": "in_progress"
  }
},
{
  "model": "crowdsourcing.subtask",
  "pk": 186,
  "fields": {
    "rectangle": 3064,
    "task": 60,
    "text": "sans autre instrument de baston led[it] feu jaques",
    "time": "2025-02-08T15:03:31.441Z",
    "feedback": "",
    "status": "in_progress"
  }
},
{
  "model": "crowdsourcing.subtask",
  "pk": 187,
  "fields": {
    "rectangle": 3065,
    "task": 60,
    "text": "en le tirant et pouchant a terre par ses cheveulx",
    "time": "2025-02-08T15:03:31.523Z",
    "feedback": "",
    "status": "in_progress"
  }
},
{
  "model": "crowdsourcing.subtask",
  "pk": 188,
  "fields": {
    "rectangle": 3066,
    "task": 60,
    "text": "assez rudement de sorte quil fut blesche en la",
    "time": "2025-02-08T15:03:31.598Z",
    "feedback": "",
    "status": "in_progress"
  }
},
{
  "model": "crowdsourcing.subtask",
  "pk": 189,
  "fields": {
    "rectangle": 3067,
    "task": 60,
    "text": "teste de laquelle bleschure il coucha malade",
    "time": "2025-02-08T15:03:31.682Z",
    "feedback": "",
    "status": "in_progress"
  }
},
{
  "model": "crowdsourcing.subtask",
  "pk": 190,
  "fields": {
    "rectangle": 3068,
    "task": 60,
    "text": "pour aucun temps pendant lequel led[it] suppl[iant] se",
    "time": "2025-02-08T15:03:31.773Z",
    "feedback": "",
    "status": "in_progress"
  }
},
{
  "model": "crowdsourcing.subtask",
  "pk": 191,
  "fields": {
    "rectangle": 3069,
    "task": 60,
    "text": "trouva lors au bureau de n[ot]red[it] hostel pour soy illec",
    "time": "2025-02-08T15:03:31.856Z",
    "feedback": "",
    "status": "in_progress"
  }
},
{
  "model": "crowdsourcing.subtask",
  "pk": 192,
  "fields": {
    "rectangle": 3070,
    "task": 60,
    "text": "purgier dud[it] cas la ou lors par les maistres",
    "time": "2025-02-08T15:03:31.948Z",
    "feedback": "",
    "status": "in_progress"
  }
},
{
  "model": "crowdsourcing.subtask",
  "pk": 193,
  "fields": {
    "rectangle": 3071,
    "task": 60,
    "text": "dicell[uy] n[ot]re hostel fut ordonne et appointie que",
    "time": "2025-02-08T15:03:32.048Z",
    "feedback": "",
    "status": "in_progress"
  }
},
{
  "model": "crowdsourcing.subtask",
  "pk": 194,
  "fields": {
    "rectangle": 3072,
    "task": 60,
    "text": "icellui suppliant sur caucion juratoire quil feist",
    "time": "2025-02-08T15:03:32.132Z",
    "feedback": "",
    "status": "in_progress"
  }
},
{
  "model": "crowdsourcing.subtask",
  "pk": 195,
  "fields": {
    "rectangle": 3073,
    "task": 60,
    "text": "lors en leurs mains seroit tenu de comparoir p[ar]devant",
    "time": "2025-02-08T15:03:32.214Z",
    "feedback": "",
    "status": "in_progress"
  }
},
{
  "model": "crowdsourcing.subtask",
  "pk": 196,
  "fields": {
    "rectangle": 3074,
    "task": 60,
    "text": "eulx oudit bureau toutes et quantesfois quil",
    "time": "2025-02-08T15:03:32.290Z",
    "feedback": "",
    "status": "in_progress"
  }
},
{
  "model": "crowdsourcing.subtask",
  "pk": 197,
  "fields": {
    "rectangle": 3075,
    "task": 60,
    "text": "y seroit mande et illec respondre dud[it] cas",
    "time": "2025-02-08T15:03:32.365Z",
    "feedback": "",
    "status": "in_progress"
  }
},
{
  "model": "crowdsourcing.subtask",
  "pk": 198,
  "fields": {
    "rectangle": 3076,
    "task": 60,
    "text": "tantost apres et environ le mois daoust ",
    "time": "2025-02-08T15:03:32.456Z",
    "feedback": "",
    "status": "in_progress"
  }
},
{
  "model": "crowdsourcing.subtask",
  "pk": 199,
  "fields": {
    "rectangle": 3077,
    "task": 60,
    "text": "ens[uivant] oudit an, led[it] feu jaques estant pour lors",
    "time": "2025-02-08T15:03:32.531Z",
    "feedback": "",
    "status": "in_progress"
  }
},
{
  "model": "crowdsourcing.subtask",
  "pk": 200,
  "fields": {
    "rectangle": 3078,
    "task": 60,
    "text": "bien guery desd[ites] bleschures se trouvant en n[ot]re",
    "time": "2025-02-08T15:03:32.623Z",
    "feedback": "",
    "status": "in_progress"
  }
},
{
  "model": "crowdsourcing.subtask",
  "pk": 201,
  "fields": {
    "rectangle": 3079,
    "task": 60,
    "text": "ville de middelbourg en zellande la ou il",
    "time": "2025-02-08T15:03:32.706Z",
    "feedback": "",
    "status": "in_progress"
  }
},
{
  "model": "crowdsourcing.subtask",
  "pk": 202,
  "fields": {
    "rectangle": 3080,
    "task": 60,
    "text": "#rectangle inutile ",
    "time": "2025-02-08T15:03:32.798Z",
    "feedback": "",
    "status": "in_progress"
  }
},
{
  "model": "crowdsourcing.subtask",
  "pk": 203,
  "fields": {
    "rectangle": 3081,
    "task": 60,
    "text": "feist adjourner led[it] suppl[iant] audit bureau",
    "time": "2025-02-08T15:03:32.881Z",
    "feedback": "",
    "status": "in_progress"
  }
},
{
  "model": "crowdsourcing.subtask",
  "pk": 204,
  "fields": {
    "rectangle": 3082,
    "task": 60,
    "text": "auquel il comparut au tour a lui prefix",
    "time": "2025-02-08T15:03:32.964Z",
    "feedback": "",
    "status": "in_progress"
  }
},
{
  "model": "crowdsourcing.subtask",
  "pk": 205,
  "fields": {
    "rectangle": 3083,
    "task": 60,
    "text": "et finablement parties oyes fut illec",
    "time": "2025-02-08T15:03:33.048Z",
    "feedback": "",
    "status": "in_progress"
  }
},
{
  "model": "crowdsourcing.subtask",
  "pk": 206,
  "fields": {
    "rectangle": 3084,
    "task": 60,
    "text": "appoincte que certains arbitres assavoir",
    "time": "2025-02-08T15:03:33.131Z",
    "feedback": "",
    "status": "in_progress"
  }
},
{
  "model": "crowdsourcing.subtask",
  "pk": 207,
  "fields": {
    "rectangle": 3085,
    "task": 60,
    "text": "du coste dud[it] suppl[iant] pierre et didier boisot",
    "time": "2025-02-08T15:03:33.214Z",
    "feedback": "",
    "status": "in_progress"
  }
},
{
  "model": "crowdsourcing.subtask",
  "pk": 208,
  "fields": {
    "rectangle": 3086,
    "task": 60,
    "text": "et du coste dicellui feu feu le bailli damont",
    "time": "2025-02-08T15:03:33.291Z",
    "feedback": "",
    "status": "in_progress"
  }
},
{
  "model": "crowdsourcing.subtask",
  "pk": 209,
  "fields": {
    "rectangle": 3087,
    "task": 60,
    "text": "le doyen de besancon a p[rese]nt archevesque",
    "time": "2025-02-08T15:03:33.373Z",
    "feedback": "",
    "status": "in_progress"
  }
},
{
  "model": "crowdsourcing.subtask",
  "pk": 210,
  "fields": {
    "rectangle": 3088,
    "task": 60,
    "text": "de palerme et thomas ysacq toison dor",
    "time": "2025-02-08T15:03:33.447Z",
    "feedback": "",
    "status": "in_progress"
  }
},
{
  "model": "crowdsourcing.subtask",
  "pk": 211,
  "fields": {
    "rectangle": 3089,
    "task": 60,
    "text": "appointeroient les partyes aimablement se",
    "time": "2025-02-08T15:03:33.531Z",
    "feedback": "",
    "status": "in_progress"
  }
},
{
  "model": "crowdsourcing.subtask",
  "pk": 212,
  "fields": {
    "rectangle": 3090,
    "task": 60,
    "text": "faire se povoit sinon en feroient rapport",
    "time": "2025-02-08T15:03:33.614Z",
    "feedback": "",
    "status": "in_progress"
  }
},
{
  "model": "crowdsourcing.subtask",
  "pk": 213,
  "fields": {
    "rectangle": 3091,
    "task": 60,
    "text": "aud[it] bureau des difficultez quilz y trouveroient",
    "time": "2025-02-08T15:03:33.714Z",
    "feedback": "",
    "status": "in_progress"
  }
},
{
  "model": "crowdsourcing.subtask",
  "pk": 214,
  "fields": {
    "rectangle": 3092,
    "task": 60,
    "text": "lesquelz arbitres eulrent pluiseurs com[m]unicacions",
    "time": "2025-02-08T15:03:33.797Z",
    "feedback": "",
    "status": "in_progress"
  }
},
{
  "model": "crowdsourcing.subtask",
  "pk": 215,
  "fields": {
    "rectangle": 3093,
    "task": 60,
    "text": "p[ar]ensemble pour cest affaire et en la fin",
    "time": "2025-02-08T15:03:33.897Z",
    "feedback": "",
    "status": "in_progress"
  }
},
{
  "model": "crowdsourcing.subtask",
  "pk": 216,
  "fields": {
    "rectangle": 3094,
    "task": 60,
    "text": "com[m]e sur prendre conclusion survint n[ot]re partement",
    "time": "2025-02-08T15:03:33.989Z",
    "feedback": "",
    "status": "in_progress"
  }
},
{
  "model": "crowdsourcing.subtask",
  "pk": 217,
  "fields": {
    "rectangle": 3095,
    "task": 60,
    "text": "vers noz royaulmes despaigne parquoy",
    "time": "2025-02-08T15:03:34.080Z",
    "feedback": "",
    "status": "in_progress"
  }
},
{
  "model": "crowdsourcing.subtask",
  "pk": 218,
  "fields": {
    "rectangle": 3096,
    "task": 60,
    "text": "icellui affaire demoura lors sans aucune",
    "time": "2025-02-08T15:03:34.180Z",
    "feedback": "",
    "status": "in_progress"
  }
},
{
  "model": "crowdsourcing.subtask",
  "pk": 219,
  "fields": {
    "rectangle": 3097,
    "task": 60,
    "text": "conclusion et durant n[ot]re absen[ce] en nosd[its]",
    "time": "2025-02-08T15:03:34.273Z",
    "feedback": "",
    "status": "in_progress"
  }
},
{
  "model": "crowdsourcing.subtask",
  "pk": 220,
  "fields": {
    "rectangle": 3098,
    "task": 60,
    "text": "royaulmes la ou led[it] suppl[iant] estoit en n[ot]re",
    "time": "2025-02-08T15:03:34.372Z",
    "feedback": "",
    "status": "in_progress"
  }
},
{
  "model": "crowdsourcing.subtask",
  "pk": 221,
  "fields": {
    "rectangle": 3099,
    "task": 60,
    "text": "service oudit estoit de fourier led[it] feu jaques ",
    "time": "2025-02-08T15:03:34.464Z",
    "feedback": "",
    "status": "in_progress"
  }
},
{
  "model": "crowdsourcing.subtask",
  "pk": 222,
  "fields": {
    "rectangle": 3100,
    "task": 60,
    "text": "environ le xxve jour de janvier ens[uivant] en",
    "time": "2025-02-08T15:03:34.564Z",
    "feedback": "",
    "status": "in_progress"
  }
},
{
  "model": "crowdsourcing.subtask",
  "pk": 223,
  "fields": {
    "rectangle": 3101,
    "task": 60,
    "text": "retournant de n[ot]re ville de Namur et affaires",
    "time": "2025-02-08T15:03:34.655Z",
    "feedback": "",
    "status": "in_progress"
  }
},
{
  "model": "crowdsourcing.subtask",
  "pk": 224,
  "fields": {
    "rectangle": 3102,
    "task": 60,
    "text": "de sond[it] maistre par la ville de wavre est",
    "time": "2025-02-08T15:03:34.764Z",
    "feedback": "",
    "status": "in_progress"
  }
},
{
  "model": "crowdsourcing.subtask",
  "pk": 225,
  "fields": {
    "rectangle": 3103,
    "task": 60,
    "text": "illec termine vie par trespas sans que ",
    "time": "2025-02-08T15:03:34.872Z",
    "feedback": "",
    "status": "in_progress"
  }
},
{
  "model": "crowdsourcing.subtask",
  "pk": 226,
  "fields": {
    "rectangle": 3104,
    "task": 60,
    "text": "iceulx arbitres en ayent declaire aucuns",
    "time": "2025-02-08T15:03:34.972Z",
    "feedback": "",
    "status": "in_progress"
  }
},
{
  "model": "crowdsourcing.subtask",
  "pk": 227,
  "fields": {
    "rectangle": 3105,
    "task": 60,
    "text": "determinacion. Or est que pui-s nagaires",
    "time": "2025-02-08T15:03:35.064Z",
    "feedback": "",
    "status": "in_progress"
  }
},
{
  "model": "crowdsourcing.subtask",
  "pk": 228,
  "fields": {
    "rectangle": 3106,
    "task": 61,
    "text": "Remission po[ur] hugenin moreau [+erreur]",
    "time": "2025-02-08T15:03:40.878Z",
    "feedback": "",
    "status": "completed"
  }
},
{
  "model": "crowdsourcing.subtask",
  "pk": 229,
  "fields": {
    "rectangle": 3107,
    "task": 61,
    "text": "Charles e[t]c savoir faisons a tous p[rese]ns et avenir",
    "time": "2025-02-08T15:03:40.970Z",
    "feedback": "",
    "status": "completed"
  }
},
{
  "model": "crowdsourcing.subtask",
  "pk": 230,
  "fields": {
    "rectangle": 3108,
    "task": 61,
    "text": "nous avoir receu lumble supplication de huguenin",
    "time": "2025-02-08T15:03:41.052Z",
    "feedback": "",
    "status": "completed"
  }
},
{
  "model": "crowdsourcing.subtask",
  "pk": 231,
  "fields": {
    "rectangle": 3109,
    "task": 61,
    "text": "nous avoir receu lumble supplication de huguenin",
    "time": "2025-02-08T15:03:41.127Z",
    "feedback": "",
    "status": "completed"
  }
},
{
  "model": "crowdsourcing.subtask",
  "pk": 232,
  "fields": {
    "rectangle": 3110,
    "task": 61,
    "text": "hostel conten[ant] com[m]ent ou mois de may en lan",
    "time": "2025-02-08T15:03:41.211Z",
    "feedback": "",
    "status": "completed"
  }
},
{
  "model": "crowdsourcing.subtask",
  "pk": 233,
  "fields": {
    "rectangle": 3111,
    "task": 61,
    "text": "xvc dix sept icelluy suppl[iant] print aucunes parolles",
    "time": "2025-02-08T15:03:41.286Z",
    "feedback": "",
    "status": "completed"
  }
},
{
  "model": "crowdsourcing.subtask",
  "pk": 234,
  "fields": {
    "rectangle": 3112,
    "task": 61,
    "text": "en ceste n[ot]re ville de bruxelles allencontre feu",
    "time": "2025-02-08T15:03:41.377Z",
    "feedback": "",
    "status": "completed"
  }
},
{
  "model": "crowdsourcing.subtask",
  "pk": 235,
  "fields": {
    "rectangle": 3113,
    "task": 61,
    "text": "jaques de belhe lors serviteur de feu guill[aum]e de leloo",
    "time": "2025-02-08T15:03:41.461Z",
    "feedback": "",
    "status": "completed"
  }
},
{
  "model": "crowdsourcing.subtask",
  "pk": 236,
  "fields": {
    "rectangle": 3114,
    "task": 61,
    "text": "aussi lors concierge de n[ot]red[it] hostel en cested[ite] n[ot]re",
    "time": "2025-02-08T15:03:41.552Z",
    "feedback": "",
    "status": "completed"
  }
},
{
  "model": "crowdsourcing.subtask",
  "pk": 237,
  "fields": {
    "rectangle": 3115,
    "task": 61,
    "text": "ville pour ce que icellui feu jaques demandoit",
    "time": "2025-02-08T15:03:41.635Z",
    "feedback": "",
    "status": "completed"
  }
},
{
  "model": "crowdsourcing.subtask",
  "pk": 238,
  "fields": {
    "rectangle": 3116,
    "task": 61,
    "text": "argent aud[it] suppl[iant] quil devoit a sond[it] feu maistre",
    "time": "2025-02-08T15:03:41.712Z",
    "feedback": "",
    "status": "completed"
  }
},
{
  "model": "crowdsourcing.subtask",
  "pk": 239,
  "fields": {
    "rectangle": 3117,
    "task": 61,
    "text": "a cause desquelles parolles quilz eulrent p[ar]ensemble",
    "time": "2025-02-08T15:03:42.002Z",
    "feedback": "",
    "status": "completed"
  }
},
{
  "model": "crowdsourcing.subtask",
  "pk": 240,
  "fields": {
    "rectangle": 3118,
    "task": 61,
    "text": "led[it] suppl[iant] bouta ou frappa du poing de sa main",
    "time": "2025-02-08T15:03:42.077Z",
    "feedback": "",
    "status": "completed"
  }
},
{
  "model": "crowdsourcing.subtask",
  "pk": 241,
  "fields": {
    "rectangle": 3119,
    "task": 61,
    "text": "sans autre instrument de baston led[it] feu jaques",
    "time": "2025-02-08T15:03:42.169Z",
    "feedback": "",
    "status": "completed"
  }
},
{
  "model": "crowdsourcing.subtask",
  "pk": 242,
  "fields": {
    "rectangle": 3120,
    "task": 61,
    "text": "en le tirant et pouchant a terre par ses cheveulx",
    "time": "2025-02-08T15:03:42.252Z",
    "feedback": "",
    "status": "completed"
  }
},
{
  "model": "crowdsourcing.subtask",
  "pk": 243,
  "fields": {
    "rectangle": 3121,
    "task": 61,
    "text": "assez rudement de sorte quil fut blesche en la",
    "time": "2025-02-08T15:03:42.345Z",
    "feedback": "",
    "status": "completed"
  }
},
{
  "model": "crowdsourcing.subtask",
  "pk": 244,
  "fields": {
    "rectangle": 3122,
    "task": 61,
    "text": "teste de laquelle bleschure il coucha malade",
    "time": "2025-02-08T15:03:42.428Z",
    "feedback": "",
    "status": "completed"
  }
},
{
  "model": "crowdsourcing.subtask",
  "pk": 245,
  "fields": {
    "rectangle": 3123,
    "task": 61,
    "text": "pour aucun temps pendant lequel led[it] suppl[iant] se",
    "time": "2025-02-08T15:03:42.511Z",
    "feedback": "",
    "status": "completed"
  }
},
{
  "model": "crowdsourcing.subtask",
  "pk": 246,
  "fields": {
    "rectangle": 3124,
    "task": 61,
    "text": "trouva lors au bureau de n[ot]red[it] hostel pour soy illec",
    "time": "2025-02-08T15:03:42.595Z",
    "feedback": "",
    "status": "completed"
  }
},
{
  "model": "crowdsourcing.subtask",
  "pk": 247,
  "fields": {
    "rectangle": 3125,
    "task": 61,
    "text": "purgier dud[it] cas la ou lors par les maistres",
    "time": "2025-02-08T15:03:42.678Z",
    "feedback": "",
    "status": "completed"
  }
},
{
  "model": "crowdsourcing.subtask",
  "pk": 248,
  "fields": {
    "rectangle": 3126,
    "task": 61,
    "text": "dicell[uy] n[ot]re hostel fut ordonne et appointie que",
    "time": "2025-02-08T15:03:42.761Z",
    "feedback": "",
    "status": "completed"
  }
},
{
  "model": "crowdsourcing.subtask",
  "pk": 249,
  "fields": {
    "rectangle": 3127,
    "task": 61,
    "text": "icellui suppliant sur caucion juratoire quil feist",
    "time": "2025-02-08T15:03:42.837Z",
    "feedback": "",
    "status": "completed"
  }
},
{
  "model": "crowdsourcing.subtask",
  "pk": 250,
  "fields": {
    "rectangle": 3128,
    "task": 61,
    "text": "lors en leurs mains seroit tenu de comparoir p[ar]devant",
    "time": "2025-02-08T15:03:42.920Z",
    "feedback": "",
    "status": "completed"
  }
},
{
  "model": "crowdsourcing.subtask",
  "pk": 251,
  "fields": {
    "rectangle": 3129,
    "task": 61,
    "text": "eulx oudit bureau toutes et quantesfois quil",
    "time": "2025-02-08T15:03:42.994Z",
    "feedback": "",
    "status": "completed"
  }
},
{
  "model": "crowdsourcing.subtask",
  "pk": 252,
  "fields": {
    "rectangle": 3130,
    "task": 61,
    "text": "y seroit mande et illec respondre dud[it] cas",
    "time": "2025-02-08T15:03:43.078Z",
    "feedback": "",
    "status": "completed"
  }
},
{
  "model": "crowdsourcing.subtask",
  "pk": 253,
  "fields": {
    "rectangle": 3131,
    "task": 61,
    "text": "tantost apres et environ le mois daoust ",
    "time": "2025-02-08T15:03:43.161Z",
    "feedback": "",
    "status": "completed"
  }
},
{
  "model": "crowdsourcing.subtask",
  "pk": 254,
  "fields": {
    "rectangle": 3132,
    "task": 61,
    "text": "ens[uivant] oudit an, led[it] feu jaques estant pour lors",
    "time": "2025-02-08T15:03:43.261Z",
    "feedback": "",
    "status": "completed"
  }
},
{
  "model": "crowdsourcing.subtask",
  "pk": 255,
  "fields": {
    "rectangle": 3133,
    "task": 61,
    "text": "bien guery desd[ites] bleschures se trouvant en n[ot]re",
    "time": "2025-02-08T15:03:43.369Z",
    "feedback": "",
    "status": "completed"
  }
},
{
  "model": "crowdsourcing.subtask",
  "pk": 256,
  "fields": {
    "rectangle": 3134,
    "task": 61,
    "text": "ville de middelbourg en zellande la ou il",
    "time": "2025-02-08T15:03:43.461Z",
    "feedback": "",
    "status": "completed"
  }
},
{
  "model": "crowdsourcing.subtask",
  "pk": 257,
  "fields": {
    "rectangle": 3135,
    "task": 61,
    "text": "#rectangle inutile ",
    "time": "2025-02-08T15:03:43.544Z",
    "feedback": "",
    "status": "completed"
  }
},
{
  "model": "crowdsourcing.subtask",
  "pk": 258,
  "fields": {
    "rectangle": 3136,
    "task": 61,
    "text": "feist adjourner led[it] suppl[iant] audit bureau",
    "time": "2025-02-08T15:03:43.622Z",
    "feedback": "",
    "status": "completed"
  }
},
{
  "model": "crowdsourcing.subtask",
  "pk": 259,
  "fields": {
    "rectangle": 3137,
    "task": 61,
    "text": "auquel il comparut au tour a lui prefix",
    "time": "2025-02-08T15:03:43.704Z",
    "feedback": "",
    "status": "completed"
  }
},
{
  "model": "crowdsourcing.subtask",
  "pk": 260,
  "fields": {
    "rectangle": 3138,
    "task": 61,
    "text": "et finablement parties oyes fut illec",
    "time": "2025-02-08T15:03:43.786Z",
    "feedback": "",
    "status": "completed"
  }
},
{
  "model": "crowdsourcing.subtask",
  "pk": 261,
  "fields": {
    "rectangle": 3139,
    "task": 61,
    "text": "appoincte que certains arbitres assavoir",
    "time": "2025-02-08T15:03:43.878Z",
    "feedback": "",
    "status": "completed"
  }
},
{
  "model": "crowdsourcing.subtask",
  "pk": 262,
  "fields": {
    "rectangle": 3140,
    "task": 61,
    "text": "du coste dud[it] suppl[iant] pierre et didier boisot",
    "time": "2025-02-08T15:03:44.012Z",
    "feedback": "",
    "status": "completed"
  }
},
{
  "model": "crowdsourcing.subtask",
  "pk": 263,
  "fields": {
    "rectangle": 3141,
    "task": 61,
    "text": "et du coste dicellui feu feu le bailli damont",
    "time": "2025-02-08T15:03:44.180Z",
    "feedback": "",
    "status": "completed"
  }
},
{
  "model": "crowdsourcing.subtask",
  "pk": 264,
  "fields": {
    "rectangle": 3142,
    "task": 61,
    "text": "le doyen de besancon a p[rese]nt archevesque",
    "time": "2025-02-08T15:03:44.302Z",
    "feedback": "",
    "status": "completed"
  }
},
{
  "model": "crowdsourcing.subtask",
  "pk": 265,
  "fields": {
    "rectangle": 3143,
    "task": 61,
    "text": "de palerme et thomas ysacq toison dor",
    "time": "2025-02-08T15:03:44.404Z",
    "feedback": "",
    "status": "completed"
  }
},
{
  "model": "crowdsourcing.subtask",
  "pk": 266,
  "fields": {
    "rectangle": 3144,
    "task": 61,
    "text": "appointeroient les partyes aimablement se",
    "time": "2025-02-08T15:03:44.486Z",
    "feedback": "",
    "status": "completed"
  }
},
{
  "model": "crowdsourcing.subtask",
  "pk": 267,
  "fields": {
    "rectangle": 3145,
    "task": 61,
    "text": "faire se povoit sinon en feroient rapport",
    "time": "2025-02-08T15:03:44.709Z",
    "feedback": "",
    "status": "completed"
  }
},
{
  "model": "crowdsourcing.subtask",
  "pk": 268,
  "fields": {
    "rectangle": 3146,
    "task": 61,
    "text": "aud[it] bureau des difficultez quilz y trouveroient",
    "time": "2025-02-08T15:03:44.811Z",
    "feedback": "",
    "status": "completed"
  }
},
{
  "model": "crowdsourcing.subtask",
  "pk": 269,
  "fields": {
    "rectangle": 3147,
    "task": 61,
    "text": "lesquelz arbitres eulrent pluiseurs com[m]unicacions",
    "time": "2025-02-08T15:03:44.903Z",
    "feedback": "",
    "status": "completed"
  }
},
{
  "model": "crowdsourcing.subtask",
  "pk": 270,
  "fields": {
    "rectangle": 3148,
    "task": 61,
    "text": "p[ar]ensemble pour cest affaire et en la fin",
    "time": "2025-02-08T15:03:45.002Z",
    "feedback": "",
    "status": "completed"
  }
},
{
  "model": "crowdsourcing.subtask",
  "pk": 271,
  "fields": {
    "rectangle": 3149,
    "task": 61,
    "text": "com[m]e sur prendre conclusion survint n[ot]re partement",
    "time": "2025-02-08T15:03:45.138Z",
    "feedback": "",
    "status": "completed"
  }
},
{
  "model": "crowdsourcing.subtask",
  "pk": 272,
  "fields": {
    "rectangle": 3150,
    "task": 61,
    "text": "vers noz royaulmes despaigne parquoy",
    "time": "2025-02-08T15:03:45.235Z",
    "feedback": "",
    "status": "completed"
  }
},
{
  "model": "crowdsourcing.subtask",
  "pk": 273,
  "fields": {
    "rectangle": 3151,
    "task": 61,
    "text": "icellui affaire demoura lors sans aucune",
    "time": "2025-02-08T15:03:45.327Z",
    "feedback": "",
    "status": "completed"
  }
},
{
  "model": "crowdsourcing.subtask",
  "pk": 274,
  "fields": {
    "rectangle": 3152,
    "task": 61,
    "text": "conclusion et durant n[ot]re absen[ce] en nosd[its]",
    "time": "2025-02-08T15:03:45.436Z",
    "feedback": "",
    "status": "completed"
  }
},
{
  "model": "crowdsourcing.subtask",
  "pk": 275,
  "fields": {
    "rectangle": 3153,
    "task": 61,
    "text": "royaulmes la ou led[it] suppl[iant] estoit en n[ot]re",
    "time": "2025-02-08T15:03:45.535Z",
    "feedback": "",
    "status": "completed"
  }
},
{
  "model": "crowdsourcing.subtask",
  "pk": 276,
  "fields": {
    "rectangle": 3154,
    "task": 61,
    "text": "service oudit estoit de fourier led[it] feu jaques ",
    "time": "2025-02-08T15:03:45.644Z",
    "feedback": "",
    "status": "completed"
  }
},
{
  "model": "crowdsourcing.subtask",
  "pk": 277,
  "fields": {
    "rectangle": 3155,
    "task": 61,
    "text": "environ le xxve jour de janvier ens[uivant] en",
    "time": "2025-02-08T15:03:45.735Z",
    "feedback": "",
    "status": "completed"
  }
},
{
  "model": "crowdsourcing.subtask",
  "pk": 278,
  "fields": {
    "rectangle": 3156,
    "task": 61,
    "text": "retournant de n[ot]re ville de Namur et affaires",
    "time": "2025-02-08T15:03:45.836Z",
    "feedback": "",
    "status": "completed"
  }
},
{
  "model": "crowdsourcing.subtask",
  "pk": 279,
  "fields": {
    "rectangle": 3157,
    "task": 61,
    "text": "de sond[it] maistre par la ville de wavre est",
    "time": "2025-02-08T15:03:45.935Z",
    "feedback": "",
    "status": "completed"
  }
},
{
  "model": "crowdsourcing.subtask",
  "pk": 280,
  "fields": {
    "rectangle": 3158,
    "task": 61,
    "text": "illec termine vie par trespas sans que ",
    "time": "2025-02-08T15:03:46.027Z",
    "feedback": "",
    "status": "completed"
  }
},
{
  "model": "crowdsourcing.subtask",
  "pk": 281,
  "fields": {
    "rectangle": 3159,
    "task": 61,
    "text": "iceulx arbitres en ayent declaire aucuns",
    "time": "2025-02-08T15:03:46.127Z",
    "feedback": "",
    "status": "completed"
  }
},
{
  "model": "crowdsourcing.subtask",
  "pk": 282,
  "fields": {
    "rectangle": 3160,
    "task": 61,
    "text": "determinacion. Or est que pui-s nagaires",
    "time": "2025-02-08T15:03:46.218Z",
    "feedback": "",
    "status": "completed"
  }
},
{
  "model": "crowdsourcing.subtask",
  "pk": 283,
  "fields": {
    "rectangle": 3161,
    "task": 62,
    "text": "Remission po[ur] hugenin moreau [+erreur]",
    "time": "2025-02-08T15:30:09.504Z",
    "feedback": "",
    "status": "completed"
  }
},
{
  "model": "crowdsourcing.subtask",
  "pk": 284,
  "fields": {
    "rectangle": 3162,
    "task": 62,
    "text": "Charles e[t]c savoir faisons a tous p[rese]ns et avenir",
    "time": "2025-02-08T15:30:09.587Z",
    "feedback": "",
    "status": "completed"
  }
},
{
  "model": "crowdsourcing.subtask",
  "pk": 285,
  "fields": {
    "rectangle": 3163,
    "task": 62,
    "text": "nous avoir receu lumble supplication de huguenin",
    "time": "2025-02-08T15:30:09.670Z",
    "feedback": "",
    "status": "completed"
  }
},
{
  "model": "crowdsourcing.subtask",
  "pk": 286,
  "fields": {
    "rectangle": 3164,
    "task": 62,
    "text": "moreau dit jehan de bourg[ogne] fourier de n[ot]re",
    "time": "2025-02-08T15:30:09.746Z",
    "feedback": "",
    "status": "completed"
  }
},
{
  "model": "crowdsourcing.subtask",
  "pk": 287,
  "fields": {
    "rectangle": 3165,
    "task": 62,
    "text": "hostel conten[ant] com[m]ent ou mois de may en lan",
    "time": "2025-02-08T15:30:09.837Z",
    "feedback": "",
    "status": "completed"
  }
},
{
  "model": "crowdsourcing.subtask",
  "pk": 288,
  "fields": {
    "rectangle": 3166,
    "task": 62,
    "text": "xvc dix sept icelluy suppl[iant] print aucunes parolles",
    "time": "2025-02-08T15:30:09.913Z",
    "feedback": "",
    "status": "completed"
  }
},
{
  "model": "crowdsourcing.subtask",
  "pk": 289,
  "fields": {
    "rectangle": 3167,
    "task": 62,
    "text": "en ceste n[ot]re ville de bruxelles allencontre feu",
    "time": "2025-02-08T15:30:10.003Z",
    "feedback": "",
    "status": "completed"
  }
},
{
  "model": "crowdsourcing.subtask",
  "pk": 290,
  "fields": {
    "rectangle": 3168,
    "task": 62,
    "text": "jaques de belhe lors serviteur de feu guill[aum]e de leloo",
    "time": "2025-02-08T15:30:10.087Z",
    "feedback": "",
    "status": "completed"
  }
},
{
  "model": "crowdsourcing.subtask",
  "pk": 291,
  "fields": {
    "rectangle": 3169,
    "task": 62,
    "text": "aussi lors concierge de n[ot]red[it] hostel en cested[ite] n[ot]re",
    "time": "2025-02-08T15:30:10.170Z",
    "feedback": "",
    "status": "completed"
  }
},
{
  "model": "crowdsourcing.subtask",
  "pk": 292,
  "fields": {
    "rectangle": 3170,
    "task": 62,
    "text": "ville pour ce que icellui feu jaques demandoit",
    "time": "2025-02-08T15:30:10.254Z",
    "feedback": "",
    "status": "completed"
  }
},
{
  "model": "crowdsourcing.subtask",
  "pk": 293,
  "fields": {
    "rectangle": 3171,
    "task": 62,
    "text": "argent aud[it] suppl[iant] quil devoit a sond[it] feu maistre",
    "time": "2025-02-08T15:30:10.337Z",
    "feedback": "",
    "status": "completed"
  }
},
{
  "model": "crowdsourcing.subtask",
  "pk": 294,
  "fields": {
    "rectangle": 3172,
    "task": 62,
    "text": "a cause desquelles parolles quilz eulrent p[ar]ensemble",
    "time": "2025-02-08T15:30:10.428Z",
    "feedback": "",
    "status": "completed"
  }
},
{
  "model": "crowdsourcing.subtask",
  "pk": 295,
  "fields": {
    "rectangle": 3173,
    "task": 62,
    "text": "led[it] suppl[iant] bouta ou frappa du poing de sa main",
    "time": "2025-02-08T15:30:10.513Z",
    "feedback": "",
    "status": "completed"
  }
},
{
  "model": "crowdsourcing.subtask",
  "pk": 296,
  "fields": {
    "rectangle": 3174,
    "task": 62,
    "text": "sans autre instrument de baston led[it] feu jaques",
    "time": "2025-02-08T15:30:10.595Z",
    "feedback": "",
    "status": "completed"
  }
},
{
  "model": "crowdsourcing.subtask",
  "pk": 297,
  "fields": {
    "rectangle": 3175,
    "task": 62,
    "text": "en le tirant et pouchant a terre par ses cheveulx",
    "time": "2025-02-08T15:30:10.670Z",
    "feedback": "",
    "status": "completed"
  }
},
{
  "model": "crowdsourcing.subtask",
  "pk": 298,
  "fields": {
    "rectangle": 3176,
    "task": 62,
    "text": "assez rudement de sorte quil fut blesche en la",
    "time": "2025-02-08T15:30:10.753Z",
    "feedback": "",
    "status": "completed"
  }
},
{
  "model": "crowdsourcing.subtask",
  "pk": 299,
  "fields": {
    "rectangle": 3177,
    "task": 62,
    "text": "teste de laquelle bleschure il coucha malade",
    "time": "2025-02-08T15:30:10.853Z",
    "feedback": "",
    "status": "completed"
  }
},
{
  "model": "crowdsourcing.subtask",
  "pk": 300,
  "fields": {
    "rectangle": 3178,
    "task": 62,
    "text": "pour aucun temps pendant lequel led[it] suppl[iant] se",
    "time": "2025-02-08T15:30:10.936Z",
    "feedback": "",
    "status": "completed"
  }
},
{
  "model": "crowdsourcing.subtask",
  "pk": 301,
  "fields": {
    "rectangle": 3179,
    "task": 62,
    "text": "trouva lors au bureau de n[ot]red[it] hostel pour soy illec",
    "time": "2025-02-08T15:30:11.012Z",
    "feedback": "",
    "status": "completed"
  }
},
{
  "model": "crowdsourcing.subtask",
  "pk": 302,
  "fields": {
    "rectangle": 3180,
    "task": 62,
    "text": "purgier dud[it] cas la ou lors par les maistres",
    "time": "2025-02-08T15:30:11.111Z",
    "feedback": "",
    "status": "completed"
  }
},
{
  "model": "crowdsourcing.subtask",
  "pk": 303,
  "fields": {
    "rectangle": 3181,
    "task": 62,
    "text": "dicell[uy] n[ot]re hostel fut ordonne et appointie que",
    "time": "2025-02-08T15:30:11.203Z",
    "feedback": "",
    "status": "completed"
  }
},
{
  "model": "crowdsourcing.subtask",
  "pk": 304,
  "fields": {
    "rectangle": 3182,
    "task": 62,
    "text": "icellui suppliant sur caucion juratoire quil feist",
    "time": "2025-02-08T15:30:11.286Z",
    "feedback": "",
    "status": "completed"
  }
},
{
  "model": "crowdsourcing.subtask",
  "pk": 305,
  "fields": {
    "rectangle": 3183,
    "task": 62,
    "text": "lors en leurs mains seroit tenu de comparoir p[ar]devant",
    "time": "2025-02-08T15:30:11.362Z",
    "feedback": "",
    "status": "completed"
  }
},
{
  "model": "crowdsourcing.subtask",
  "pk": 306,
  "fields": {
    "rectangle": 3184,
    "task": 62,
    "text": "eulx oudit bureau toutes et quantesfois quil",
    "time": "2025-02-08T15:30:11.445Z",
    "feedback": "",
    "status": "completed"
  }
},
{
  "model": "crowdsourcing.subtask",
  "pk": 307,
  "fields": {
    "rectangle": 3185,
    "task": 62,
    "text": "y seroit mande et illec respondre dud[it] cas",
    "time": "2025-02-08T15:30:11.528Z",
    "feedback": "",
    "status": "completed"
  }
},
{
  "model": "crowdsourcing.subtask",
  "pk": 308,
  "fields": {
    "rectangle": 3186,
    "task": 62,
    "text": "tantost apres et environ le mois daoust ",
    "time": "2025-02-08T15:30:11.604Z",
    "feedback": "",
    "status": "completed"
  }
},
{
  "model": "crowdsourcing.subtask",
  "pk": 309,
  "fields": {
    "rectangle": 3187,
    "task": 62,
    "text": "ens[uivant] oudit an, led[it] feu jaques estant pour lors",
    "time": "2025-02-08T15:30:11.694Z",
    "feedback": "",
    "status": "completed"
  }
},
{
  "model": "crowdsourcing.subtask",
  "pk": 310,
  "fields": {
    "rectangle": 3188,
    "task": 62,
    "text": "bien guery desd[ites] bleschures se trouvant en n[ot]re",
    "time": "2025-02-08T15:30:11.770Z",
    "feedback": "",
    "status": "completed"
  }
},
{
  "model": "crowdsourcing.subtask",
  "pk": 311,
  "fields": {
    "rectangle": 3189,
    "task": 62,
    "text": "ville de middelbourg en zellande la ou il",
    "time": "2025-02-08T15:30:11.861Z",
    "feedback": "",
    "status": "completed"
  }
},
{
  "model": "crowdsourcing.subtask",
  "pk": 313,
  "fields": {
    "rectangle": 3191,
    "task": 62,
    "text": "feist adjourner led[it] suppl[iant] audit bureau",
    "time": "2025-02-08T15:30:12.038Z",
    "feedback": "",
    "status": "completed"
  }
},
{
  "model": "crowdsourcing.subtask",
  "pk": 314,
  "fields": {
    "rectangle": 3192,
    "task": 62,
    "text": "auquel il comparut au tour a lui prefix",
    "time": "2025-02-08T15:30:12.128Z",
    "feedback": "",
    "status": "completed"
  }
},
{
  "model": "crowdsourcing.subtask",
  "pk": 315,
  "fields": {
    "rectangle": 3193,
    "task": 62,
    "text": "et finablement parties oyes fut illec",
    "time": "2025-02-08T15:30:12.211Z",
    "feedback": "",
    "status": "completed"
  }
},
{
  "model": "crowdsourcing.subtask",
  "pk": 316,
  "fields": {
    "rectangle": 3194,
    "task": 62,
    "text": "appoincte que certains arbitres assavoir",
    "time": "2025-02-08T15:30:12.296Z",
    "feedback": "",
    "status": "completed"
  }
},
{
  "model": "crowdsourcing.subtask",
  "pk": 317,
  "fields": {
    "rectangle": 3195,
    "task": 62,
    "text": "du coste dud[it] suppl[iant] pierre et didier boisot",
    "time": "2025-02-08T15:30:12.379Z",
    "feedback": "",
    "status": "completed"
  }
},
{
  "model": "crowdsourcing.subtask",
  "pk": 318,
  "fields": {
    "rectangle": 3196,
    "task": 62,
    "text": "et du coste dicellui feu feu le bailli damont",
    "time": "2025-02-08T15:30:12.462Z",
    "feedback": "",
    "status": "completed"
  }
},
{
  "model": "crowdsourcing.subtask",
  "pk": 319,
  "fields": {
    "rectangle": 3197,
    "task": 62,
    "text": "le doyen de besancon a p[rese]nt archevesque",
    "time": "2025-02-08T15:30:12.538Z",
    "feedback": "",
    "status": "completed"
  }
},
{
  "model": "crowdsourcing.subtask",
  "pk": 320,
  "fields": {
    "rectangle": 3198,
    "task": 62,
    "text": "de palerme et thomas ysacq toison dor",
    "time": "2025-02-08T15:30:12.662Z",
    "feedback": "",
    "status": "completed"
  }
},
{
  "model": "crowdsourcing.subtask",
  "pk": 321,
  "fields": {
    "rectangle": 3199,
    "task": 62,
    "text": "appointeroient les partyes aimablement se",
    "time": "2025-02-08T15:30:12.737Z",
    "feedback": "",
    "status": "completed"
  }
},
{
  "model": "crowdsourcing.subtask",
  "pk": 322,
  "fields": {
    "rectangle": 3200,
    "task": 62,
    "text": "faire se povoit sinon en feroient rapport",
    "time": "2025-02-08T15:30:12.837Z",
    "feedback": "",
    "status": "completed"
  }
},
{
  "model": "crowdsourcing.subtask",
  "pk": 323,
  "fields": {
    "rectangle": 3201,
    "task": 62,
    "text": "aud[it] bureau des difficultez quilz y trouveroient",
    "time": "2025-02-08T15:30:12.920Z",
    "feedback": "",
    "status": "completed"
  }
},
{
  "model": "crowdsourcing.subtask",
  "pk": 324,
  "fields": {
    "rectangle": 3202,
    "task": 62,
    "text": "lesquelz arbitres eulrent pluiseurs com[m]unicacions",
    "time": "2025-02-08T15:30:13.004Z",
    "feedback": "",
    "status": "completed"
  }
},
{
  "model": "crowdsourcing.subtask",
  "pk": 325,
  "fields": {
    "rectangle": 3203,
    "task": 62,
    "text": "p[ar]ensemble pour cest affaire et en la fin",
    "time": "2025-02-08T15:30:13.095Z",
    "feedback": "",
    "status": "completed"
  }
},
{
  "model": "crowdsourcing.subtask",
  "pk": 326,
  "fields": {
    "rectangle": 3204,
    "task": 62,
    "text": "com[m]e sur prendre conclusion survint n[ot]re partement",
    "time": "2025-02-08T15:30:13.188Z",
    "feedback": "",
    "status": "completed"
  }
},
{
  "model": "crowdsourcing.subtask",
  "pk": 327,
  "fields": {
    "rectangle": 3205,
    "task": 62,
    "text": "vers noz royaulmes despaigne parquoy",
    "time": "2025-02-08T15:30:13.279Z",
    "feedback": "",
    "status": "completed"
  }
},
{
  "model": "crowdsourcing.subtask",
  "pk": 328,
  "fields": {
    "rectangle": 3206,
    "task": 62,
    "text": "icellui affaire demoura lors sans aucune",
    "time": "2025-02-08T15:30:13.370Z",
    "feedback": "",
    "status": "completed"
  }
},
{
  "model": "crowdsourcing.subtask",
  "pk": 329,
  "fields": {
    "rectangle": 3207,
    "task": 62,
    "text": "conclusion et durant n[ot]re absen[ce] en nosd[its]",
    "time": "2025-02-08T15:30:13.470Z",
    "feedback": "",
    "status": "completed"
  }
},
{
  "model": "crowdsourcing.subtask",
  "pk": 330,
  "fields": {
    "rectangle": 3208,
    "task": 62,
    "text": "royaulmes la ou led[it] suppl[iant] estoit en n[ot]re",
    "time": "2025-02-08T15:30:13.562Z",
    "feedback": "",
    "status": "completed"
  }
},
{
  "model": "crowdsourcing.subtask",
  "pk": 331,
  "fields": {
    "rectangle": 3209,
    "task": 62,
    "text": "service oudit estoit de fourier led[it] feu jaques ",
    "time": "2025-02-08T15:30:13.662Z",
    "feedback": "",
    "status": "completed"
  }
},
{
  "model": "crowdsourcing.subtask",
  "pk": 332,
  "fields": {
    "rectangle": 3210,
    "task": 62,
    "text": "environ le xxve jour de janvier ens[uivant] en",
    "time": "2025-02-08T15:30:13.761Z",
    "feedback": "",
    "status": "completed"
  }
},
{
  "model": "crowdsourcing.subtask",
  "pk": 333,
  "fields": {
    "rectangle": 3211,
    "task": 62,
    "text": "retournant de n[ot]re ville de Namur et affaires",
    "time": "2025-02-08T15:30:13.870Z",
    "feedback": "",
    "status": "completed"
  }
},
{
  "model": "crowdsourcing.subtask",
  "pk": 334,
  "fields": {
    "rectangle": 3212,
    "task": 62,
    "text": "de sond[it] maistre par la ville de wavre est",
    "time": "2025-02-08T15:30:14.011Z",
    "feedback": "",
    "status": "completed"
  }
},
{
  "model": "crowdsourcing.subtask",
  "pk": 335,
  "fields": {
    "rectangle": 3213,
    "task": 62,
    "text": "illec termine vie par trespas sans que ",
    "time": "2025-02-08T15:30:14.111Z",
    "feedback": "",
    "status": "completed"
  }
},
{
  "model": "crowdsourcing.subtask",
  "pk": 336,
  "fields": {
    "rectangle": 3214,
    "task": 62,
    "text": "iceulx arbitres en ayent declaire aucuns",
    "time": "2025-02-08T15:30:14.211Z",
    "feedback": "",
    "status": "completed"
  }
},
{
  "model": "crowdsourcing.subtask",
  "pk": 337,
  "fields": {
    "rectangle": 3215,
    "task": 62,
    "text": "determinacion. Or est que pui-s nagaires",
    "time": "2025-02-08T15:30:14.303Z",
    "feedback": "",
    "status": "completed"
  }
},
{
  "model": "crowdsourcing.subtask",
  "pk": 338,
  "fields": {
    "rectangle": 3216,
    "task": 63,
    "text": "Remission po[ur] hugenin moreau [+erreur]",
    "time": "2025-02-08T15:30:19.334Z",
    "feedback": "",
    "status": "completed"
  }
},
{
  "model": "crowdsourcing.subtask",
  "pk": 339,
  "fields": {
    "rectangle": 3217,
    "task": 63,
    "text": "Charles e[t]c savoir faisons a tous p[rese]ns et avenir",
    "time": "2025-02-08T15:30:19.409Z",
    "feedback": "",
    "status": "completed"
  }
},
{
  "model": "crowdsourcing.subtask",
  "pk": 340,
  "fields": {
    "rectangle": 3218,
    "task": 63,
    "text": "nous avoir receu lumble supplication de huguenin",
    "time": "2025-02-08T15:30:19.684Z",
    "feedback": "",
    "status": "completed"
  }
},
{
  "model": "crowdsourcing.subtask",
  "pk": 341,
  "fields": {
    "rectangle": 3219,
    "task": 63,
    "text": "moreau dit jehan de bourg[ogne] fourier de n[ot]re",
    "time": "2025-02-08T15:30:19.791Z",
    "feedback": "",
    "status": "completed"
  }
},
{
  "model": "crowdsourcing.subtask",
  "pk": 342,
  "fields": {
    "rectangle": 3220,
    "task": 63,
    "text": "hostel conten[ant] com[m]ent ou mois de may en lan",
    "time": "2025-02-08T15:30:19.875Z",
    "feedback": "",
    "status": "completed"
  }
},
{
  "model": "crowdsourcing.subtask",
  "pk": 343,
  "fields": {
    "rectangle": 3221,
    "task": 63,
    "text": "xvc dix sept icelluy suppl[iant] print aucunes parolles",
    "time": "2025-02-08T15:30:19.959Z",
    "feedback": "",
    "status": "completed"
  }
},
{
  "model": "crowdsourcing.subtask",
  "pk": 344,
  "fields": {
    "rectangle": 3222,
    "task": 63,
    "text": "en ceste n[ot]re ville de bruxelles allencontre feu",
    "time": "2025-02-08T15:30:20.050Z",
    "feedback": "",
    "status": "completed"
  }
},
{
  "model": "crowdsourcing.subtask",
  "pk": 345,
  "fields": {
    "rectangle": 3223,
    "task": 63,
    "text": "jaques de belhe lors serviteur de feu guill[aum]e de leloo",
    "time": "2025-02-08T15:30:20.135Z",
    "feedback": "",
    "status": "completed"
  }
},
{
  "model": "crowdsourcing.subtask",
  "pk": 346,
  "fields": {
    "rectangle": 3224,
    "task": 63,
    "text": "aussi lors concierge de n[ot]red[it] hostel en cested[ite] n[ot]re",
    "time": "2025-02-08T15:30:20.216Z",
    "feedback": "",
    "status": "completed"
  }
},
{
  "model": "crowdsourcing.subtask",
  "pk": 347,
  "fields": {
    "rectangle": 3225,
    "task": 63,
    "text": "ville pour ce que icellui feu jaques demandoit",
    "time": "2025-02-08T15:30:20.300Z",
    "feedback": "",
    "status": "completed"
  }
},
{
  "model": "crowdsourcing.subtask",
  "pk": 348,
  "fields": {
    "rectangle": 3226,
    "task": 63,
    "text": "argent aud[it] suppl[iant] quil devoit a sond[it] feu maistre",
    "time": "2025-02-08T15:30:20.391Z",
    "feedback": "",
    "status": "completed"
  }
},
{
  "model": "crowdsourcing.subtask",
  "pk": 349,
  "fields": {
    "rectangle": 3227,
    "task": 63,
    "text": "a cause desquelles parolles quilz eulrent p[ar]ensemble",
    "time": "2025-02-08T15:30:20.475Z",
    "feedback": "",
    "status": "completed"
  }
},
{
  "model": "crowdsourcing.subtask",
  "pk": 350,
  "fields": {
    "rectangle": 3228,
    "task": 63,
    "text": "led[it] suppl[iant] bouta ou frappa du poing de sa main",
    "time": "2025-02-08T15:30:20.549Z",
    "feedback": "",
    "status": "completed"
  }
},
{
  "model": "crowdsourcing.subtask",
  "pk": 351,
  "fields": {
    "rectangle": 3229,
    "task": 63,
    "text": "sans autre instrument de baston led[it] feu jaques",
    "time": "2025-02-08T15:30:20.641Z",
    "feedback": "",
    "status": "completed"
  }
},
{
  "model": "crowdsourcing.subtask",
  "pk": 352,
  "fields": {
    "rectangle": 3230,
    "task": 63,
    "text": "en le tirant et pouchant a terre par ses cheveulx",
    "time": "2025-02-08T15:30:20.716Z",
    "feedback": "",
    "status": "completed"
  }
},
{
  "model": "crowdsourcing.subtask",
  "pk": 353,
  "fields": {
    "rectangle": 3231,
    "task": 63,
    "text": "assez rudement de sorte quil fut blesche en la",
    "time": "2025-02-08T15:30:20.808Z",
    "feedback": "",
    "status": "completed"
  }
},
{
  "model": "crowdsourcing.subtask",
  "pk": 354,
  "fields": {
    "rectangle": 3232,
    "task": 63,
    "text": "teste de laquelle bleschure il coucha malade",
    "time": "2025-02-08T15:30:20.891Z",
    "feedback": "",
    "status": "completed"
  }
},
{
  "model": "crowdsourcing.subtask",
  "pk": 355,
  "fields": {
    "rectangle": 3233,
    "task": 63,
    "text": "pour aucun temps pendant lequel led[it] suppl[iant] se",
    "time": "2025-02-08T15:30:20.985Z",
    "feedback": "",
    "status": "completed"
  }
},
{
  "model": "crowdsourcing.subtask",
  "pk": 356,
  "fields": {
    "rectangle": 3234,
    "task": 63,
    "text": "trouva lors au bureau de n[ot]red[it] hostel pour soy illec",
    "time": "2025-02-08T15:30:21.074Z",
    "feedback": "",
    "status": "completed"
  }
},
{
  "model": "crowdsourcing.subtask",
  "pk": 357,
  "fields": {
    "rectangle": 3235,
    "task": 63,
    "text": "purgier dud[it] cas la ou lors par les maistres",
    "time": "2025-02-08T15:30:21.159Z",
    "feedback": "",
    "status": "completed"
  }
},
{
  "model": "crowdsourcing.subtask",
  "pk": 358,
  "fields": {
    "rectangle": 3236,
    "task": 63,
    "text": "dicell[uy] n[ot]re hostel fut ordonne et appointie que",
    "time": "2025-02-08T15:30:21.250Z",
    "feedback": "",
    "status": "completed"
  }
},
{
  "model": "crowdsourcing.subtask",
  "pk": 359,
  "fields": {
    "rectangle": 3237,
    "task": 63,
    "text": "icellui suppliant sur caucion juratoire quil feist",
    "time": "2025-02-08T15:30:21.333Z",
    "feedback": "",
    "status": "completed"
  }
},
{
  "model": "crowdsourcing.subtask",
  "pk": 360,
  "fields": {
    "rectangle": 3238,
    "task": 63,
    "text": "lors en leurs mains seroit tenu de comparoir p[ar]devant",
    "time": "2025-02-08T15:30:21.409Z",
    "feedback": "",
    "status": "completed"
  }
},
{
  "model": "crowdsourcing.subtask",
  "pk": 361,
  "fields": {
    "rectangle": 3239,
    "task": 63,
    "text": "eulx oudit bureau toutes et quantesfois quil",
    "time": "2025-02-08T15:30:21.484Z",
    "feedback": "",
    "status": "completed"
  }
},
{
  "model": "crowdsourcing.subtask",
  "pk": 362,
  "fields": {
    "rectangle": 3240,
    "task": 63,
    "text": "y seroit mande et illec respondre dud[it] cas",
    "time": "2025-02-08T15:30:21.575Z",
    "feedback": "",
    "status": "completed"
  }
},
{
  "model": "crowdsourcing.subtask",
  "pk": 363,
  "fields": {
    "rectangle": 3241,
    "task": 63,
    "text": "tantost apres et environ le mois daoust ",
    "time": "2025-02-08T15:30:21.650Z",
    "feedback": "",
    "status": "completed"
  }
},
{
  "model": "crowdsourcing.subtask",
  "pk": 364,
  "fields": {
    "rectangle": 3242,
    "task": 63,
    "text": "ens[uivant] oudit an, led[it] feu jaques estant pour lors",
    "time": "2025-02-08T15:30:21.750Z",
    "feedback": "",
    "status": "completed"
  }
},
{
  "model": "crowdsourcing.subtask",
  "pk": 365,
  "fields": {
    "rectangle": 3243,
    "task": 63,
    "text": "bien guery desd[ites] bleschures se trouvant en n[ot]re",
    "time": "2025-02-08T15:30:21.842Z",
    "feedback": "",
    "status": "completed"
  }
},
{
  "model": "crowdsourcing.subtask",
  "pk": 366,
  "fields": {
    "rectangle": 3244,
    "task": 63,
    "text": "ville de middelbourg en zellande la ou il",
    "time": "2025-02-08T15:30:21.926Z",
    "feedback": "",
    "status": "completed"
  }
},
{
  "model": "crowdsourcing.subtask",
  "pk": 368,
  "fields": {
    "rectangle": 3246,
    "task": 63,
    "text": "feist adjourner led[it] suppl[iant] audit bureau",
    "time": "2025-02-08T15:30:22.083Z",
    "feedback": "",
    "status": "completed"
  }
},
{
  "model": "crowdsourcing.subtask",
  "pk": 369,
  "fields": {
    "rectangle": 3247,
    "task": 63,
    "text": "auquel il comparut au tour a lui prefix",
    "time": "2025-02-08T15:30:22.183Z",
    "feedback": "",
    "status": "completed"
  }
},
{
  "model": "crowdsourcing.subtask",
  "pk": 370,
  "fields": {
    "rectangle": 3248,
    "task": 63,
    "text": "et finablement parties oyes fut illec",
    "time": "2025-02-08T15:30:22.258Z",
    "feedback": "",
    "status": "completed"
  }
},
{
  "model": "crowdsourcing.subtask",
  "pk": 371,
  "fields": {
    "rectangle": 3249,
    "task": 63,
    "text": "appoincte que certains arbitres assavoir",
    "time": "2025-02-08T15:30:22.341Z",
    "feedback": "",
    "status": "completed"
  }
},
{
  "model": "crowdsourcing.subtask",
  "pk": 372,
  "fields": {
    "rectangle": 3250,
    "task": 63,
    "text": "du coste dud[it] suppl[iant] pierre et didier boisot",
    "time": "2025-02-08T15:30:22.425Z",
    "feedback": "",
    "status": "completed"
  }
},
{
  "model": "crowdsourcing.subtask",
  "pk": 373,
  "fields": {
    "rectangle": 3251,
    "task": 63,
    "text": "et du coste dicellui feu feu le bailli damont",
    "time": "2025-02-08T15:30:22.517Z",
    "feedback": "",
    "status": "completed"
  }
},
{
  "model": "crowdsourcing.subtask",
  "pk": 374,
  "fields": {
    "rectangle": 3252,
    "task": 63,
    "text": "le doyen de besancon a p[rese]nt archevesque",
    "time": "2025-02-08T15:30:22.600Z",
    "feedback": "",
    "status": "completed"
  }
},
{
  "model": "crowdsourcing.subtask",
  "pk": 375,
  "fields": {
    "rectangle": 3253,
    "task": 63,
    "text": "de palerme et thomas ysacq toison dor",
    "time": "2025-02-08T15:30:22.691Z",
    "feedback": "",
    "status": "completed"
  }
},
{
  "model": "crowdsourcing.subtask",
  "pk": 376,
  "fields": {
    "rectangle": 3254,
    "task": 63,
    "text": "appointeroient les partyes aimablement se",
    "time": "2025-02-08T15:30:22.775Z",
    "feedback": "",
    "status": "completed"
  }
},
{
  "model": "crowdsourcing.subtask",
  "pk": 377,
  "fields": {
    "rectangle": 3255,
    "task": 63,
    "text": "faire se povoit sinon en feroient rapport",
    "time": "2025-02-08T15:30:22.859Z",
    "feedback": "",
    "status": "completed"
  }
},
{
  "model": "crowdsourcing.subtask",
  "pk": 378,
  "fields": {
    "rectangle": 3256,
    "task": 63,
    "text": "aud[it] bureau des difficultez quilz y trouveroient",
    "time": "2025-02-08T15:30:22.941Z",
    "feedback": "",
    "status": "completed"
  }
},
{
  "model": "crowdsourcing.subtask",
  "pk": 379,
  "fields": {
    "rectangle": 3257,
    "task": 63,
    "text": "lesquelz arbitres eulrent pluiseurs com[m]unicacions",
    "time": "2025-02-08T15:30:23.033Z",
    "feedback": "",
    "status": "completed"
  }
},
{
  "model": "crowdsourcing.subtask",
  "pk": 380,
  "fields": {
    "rectangle": 3258,
    "task": 63,
    "text": "p[ar]ensemble pour cest affaire et en la fin",
    "time": "2025-02-08T15:30:23.116Z",
    "feedback": "",
    "status": "completed"
  }
},
{
  "model": "crowdsourcing.subtask",
  "pk": 381,
  "fields": {
    "rectangle": 3259,
    "task": 63,
    "text": "com[m]e sur prendre conclusion survint n[ot]re partement",
    "time": "2025-02-08T15:30:23.199Z",
    "feedback": "",
    "status": "completed"
  }
},
{
  "model": "crowdsourcing.subtask",
  "pk": 382,
  "fields": {
    "rectangle": 3260,
    "task": 63,
    "text": "vers noz royaulmes despaigne parquoy",
    "time": "2025-02-08T15:30:23.283Z",
    "feedback": "",
    "status": "completed"
  }
},
{
  "model": "crowdsourcing.subtask",
  "pk": 383,
  "fields": {
    "rectangle": 3261,
    "task": 63,
    "text": "icellui affaire demoura lors sans aucune",
    "time": "2025-02-08T15:30:23.358Z",
    "feedback": "",
    "status": "completed"
  }
},
{
  "model": "crowdsourcing.subtask",
  "pk": 384,
  "fields": {
    "rectangle": 3262,
    "task": 63,
    "text": "conclusion et durant n[ot]re absen[ce] en nosd[its]",
    "time": "2025-02-08T15:30:23.457Z",
    "feedback": "",
    "status": "completed"
  }
},
{
  "model": "crowdsourcing.subtask",
  "pk": 385,
  "fields": {
    "rectangle": 3263,
    "task": 63,
    "text": "royaulmes la ou led[it] suppl[iant] estoit en n[ot]re",
    "time": "2025-02-08T15:30:23.558Z",
    "feedback": "",
    "status": "completed"
  }
},
{
  "model": "crowdsourcing.subtask",
  "pk": 386,
  "fields": {
    "rectangle": 3264,
    "task": 63,
    "text": "service oudit estoit de fourier led[it] feu jaques ",
    "time": "2025-02-08T15:30:23.666Z",
    "feedback": "",
    "status": "completed"
  }
},
{
  "model": "crowdsourcing.subtask",
  "pk": 387,
  "fields": {
    "rectangle": 3265,
    "task": 63,
    "text": "environ le xxve jour de janvier ens[uivant] en",
    "time": "2025-02-08T15:30:23.758Z",
    "feedback": "",
    "status": "completed"
  }
},
{
  "model": "crowdsourcing.subtask",
  "pk": 388,
  "fields": {
    "rectangle": 3266,
    "task": 63,
    "text": "retournant de n[ot]re ville de Namur et affaires",
    "time": "2025-02-08T15:30:23.849Z",
    "feedback": "",
    "status": "completed"
  }
},
{
  "model": "crowdsourcing.subtask",
  "pk": 389,
  "fields": {
    "rectangle": 3267,
    "task": 63,
    "text": "de sond[it] maistre par la ville de wavre est",
    "time": "2025-02-08T15:30:23.958Z",
    "feedback": "",
    "status": "completed"
  }
},
{
  "model": "crowdsourcing.subtask",
  "pk": 390,
  "fields": {
    "rectangle": 3268,
    "task": 63,
    "text": "illec termine vie par trespas sans que ",
    "time": "2025-02-08T15:30:24.050Z",
    "feedback": "",
    "status": "completed"
  }
},
{
  "model": "crowdsourcing.subtask",
  "pk": 391,
  "fields": {
    "rectangle": 3269,
    "task": 63,
    "text": "iceulx arbitres en ayent declaire aucuns",
    "time": "2025-02-08T15:30:24.150Z",
    "feedback": "",
    "status": "completed"
  }
},
{
  "model": "crowdsourcing.subtask",
  "pk": 392,
  "fields": {
    "rectangle": 3270,
    "task": 63,
    "text": "determinacion. Or est que pui-s nagaires",
    "time": "2025-02-08T15:30:24.241Z",
    "feedback": "",
    "status": "completed"
  }
},
{
  "model": "crowdsourcing.subtask",
  "pk": 393,
  "fields": {
    "rectangle": 3161,
    "task": 66,
    "text": "Remission po[ur] hugenin moreau",
    "time": "2025-02-08T15:31:12.790Z",
    "feedback": "",
    "status": "completed"
  }
},
{
  "model": "crowdsourcing.subtask",
  "pk": 394,
  "fields": {
    "rectangle": 3216,
    "task": 67,
    "text": "Remission po[ur] hugenin moreau",
    "time": "2025-02-08T15:32:38.351Z",
    "feedback": "",
    "status": "completed"
  }
},
{
  "model": "crowdsourcing.subtask",
  "pk": 450,
  "fields": {
    "rectangle": 3487,
    "task": 78,
    "text": "Remission po[ur] hugenin moreau [+erreur]",
    "time": "2025-02-11T09:15:59.562Z",
    "feedback": "",
    "status": "completed"
  }
},
{
  "model": "crowdsourcing.subtask",
  "pk": 451,
  "fields": {
    "rectangle": 3488,
    "task": 78,
    "text": "Charles e[t]c savoir faisons a tous p[rese]ns et avenir",
    "time": "2025-02-11T09:16:00.011Z",
    "feedback": "",
    "status": "completed"
  }
},
{
  "model": "crowdsourcing.subtask",
  "pk": 452,
  "fields": {
    "rectangle": 3489,
    "task": 78,
    "text": "nous avoir receu lumble supplication de huguenin",
    "time": "2025-02-11T09:16:00.110Z",
    "feedback": "",
    "status": "completed"
  }
},
{
  "model": "crowdsourcing.subtask",
  "pk": 453,
  "fields": {
    "rectangle": 3490,
    "task": 78,
    "text": "moreau dit jehan de bourg[ogne] fourier de n[ot]re",
    "time": "2025-02-11T09:16:00.202Z",
    "feedback": "",
    "status": "completed"
  }
},
{
  "model": "crowdsourcing.subtask",
  "pk": 454,
  "fields": {
    "rectangle": 3491,
    "task": 78,
    "text": "hostel conten[ant] com[m]ent ou mois de may en lan",
    "time": "2025-02-11T09:16:00.285Z",
    "feedback": "",
    "status": "completed"
  }
},
{
  "model": "crowdsourcing.subtask",
  "pk": 455,
  "fields": {
    "rectangle": 3492,
    "task": 78,
    "text": "xvc dix sept icelluy suppl[iant] print aucunes parolles",
    "time": "2025-02-11T09:16:00.369Z",
    "feedback": "",
    "status": "completed"
  }
},
{
  "model": "crowdsourcing.subtask",
  "pk": 456,
  "fields": {
    "rectangle": 3493,
    "task": 78,
    "text": "en ceste n[ot]re ville de bruxelles allencontre feu",
    "time": "2025-02-11T09:16:00.453Z",
    "feedback": "",
    "status": "completed"
  }
},
{
  "model": "crowdsourcing.subtask",
  "pk": 457,
  "fields": {
    "rectangle": 3494,
    "task": 78,
    "text": "jaques de belhe lors serviteur de feu guill[aum]e de leloo",
    "time": "2025-02-11T09:16:00.528Z",
    "feedback": "",
    "status": "completed"
  }
},
{
  "model": "crowdsourcing.subtask",
  "pk": 458,
  "fields": {
    "rectangle": 3495,
    "task": 78,
    "text": "aussi lors concierge de n[ot]red[it] hostel en cested[ite] n[ot]re",
    "time": "2025-02-11T09:16:00.619Z",
    "feedback": "",
    "status": "completed"
  }
},
{
  "model": "crowdsourcing.subtask",
  "pk": 459,
  "fields": {
    "rectangle": 3496,
    "task": 78,
    "text": "ville pour ce que icellui feu jaques demandoit",
    "time": "2025-02-11T09:16:00.694Z",
    "feedback": "",
    "status": "completed"
  }
},
{
  "model": "crowdsourcing.subtask",
  "pk": 460,
  "fields": {
    "rectangle": 3497,
    "task": 78,
    "text": "argent aud[it] suppl[iant] quil devoit a sond[it] feu maistre",
    "time": "2025-02-11T09:16:00.778Z",
    "feedback": "",
    "status": "completed"
  }
},
{
  "model": "crowdsourcing.subtask",
  "pk": 461,
  "fields": {
    "rectangle": 3498,
    "task": 78,
    "text": "a cause desquelles parolles quilz eulrent p[ar]ensemble",
    "time": "2025-02-11T09:16:00.861Z",
    "feedback": "",
    "status": "completed"
  }
},
{
  "model": "crowdsourcing.subtask",
  "pk": 462,
  "fields": {
    "rectangle": 3499,
    "task": 78,
    "text": "led[it] suppl[iant] bouta ou frappa du poing de sa main",
    "time": "2025-02-11T09:16:00.953Z",
    "feedback": "",
    "status": "completed"
  }
},
{
  "model": "crowdsourcing.subtask",
  "pk": 463,
  "fields": {
    "rectangle": 3500,
    "task": 78,
    "text": "sans autre instrument de baston led[it] feu jaques",
    "time": "2025-02-11T09:16:01.045Z",
    "feedback": "",
    "status": "completed"
  }
},
{
  "model": "crowdsourcing.subtask",
  "pk": 464,
  "fields": {
    "rectangle": 3501,
    "task": 78,
    "text": "en le tirant et pouchant a terre par ses cheveulx",
    "time": "2025-02-11T09:16:01.120Z",
    "feedback": "",
    "status": "completed"
  }
},
{
  "model": "crowdsourcing.subtask",
  "pk": 465,
  "fields": {
    "rectangle": 3502,
    "task": 78,
    "text": "assez rudement de sorte quil fut blesche en la",
    "time": "2025-02-11T09:16:01.211Z",
    "feedback": "",
    "status": "completed"
  }
},
{
  "model": "crowdsourcing.subtask",
  "pk": 466,
  "fields": {
    "rectangle": 3503,
    "task": 78,
    "text": "teste de laquelle bleschure il coucha malade",
    "time": "2025-02-11T09:16:01.302Z",
    "feedback": "",
    "status": "completed"
  }
},
{
  "model": "crowdsourcing.subtask",
  "pk": 467,
  "fields": {
    "rectangle": 3504,
    "task": 78,
    "text": "pour aucun temps pendant lequel led[it] suppl[iant] se",
    "time": "2025-02-11T09:16:01.386Z",
    "feedback": "",
    "status": "completed"
  }
},
{
  "model": "crowdsourcing.subtask",
  "pk": 468,
  "fields": {
    "rectangle": 3505,
    "task": 78,
    "text": "trouva lors au bureau de n[ot]red[it] hostel pour soy illec",
    "time": "2025-02-11T09:16:01.469Z",
    "feedback": "",
    "status": "completed"
  }
},
{
  "model": "crowdsourcing.subtask",
  "pk": 469,
  "fields": {
    "rectangle": 3506,
    "task": 78,
    "text": "purgier dud[it] cas la ou lors par les maistres",
    "time": "2025-02-11T09:16:01.553Z",
    "feedback": "",
    "status": "completed"
  }
},
{
  "model": "crowdsourcing.subtask",
  "pk": 470,
  "fields": {
    "rectangle": 3507,
    "task": 78,
    "text": "dicell[uy] n[ot]re hostel fut ordonne et appointie que",
    "time": "2025-02-11T09:16:01.644Z",
    "feedback": "",
    "status": "completed"
  }
},
{
  "model": "crowdsourcing.subtask",
  "pk": 471,
  "fields": {
    "rectangle": 3508,
    "task": 78,
    "text": "icellui suppliant sur caucion juratoire quil feist",
    "time": "2025-02-11T09:16:01.735Z",
    "feedback": "",
    "status": "completed"
  }
},
{
  "model": "crowdsourcing.subtask",
  "pk": 472,
  "fields": {
    "rectangle": 3509,
    "task": 78,
    "text": "lors en leurs mains seroit tenu de comparoir p[ar]devant",
    "time": "2025-02-11T09:16:01.819Z",
    "feedback": "",
    "status": "completed"
  }
},
{
  "model": "crowdsourcing.subtask",
  "pk": 473,
  "fields": {
    "rectangle": 3510,
    "task": 78,
    "text": "eulx oudit bureau toutes et quantesfois quil",
    "time": "2025-02-11T09:16:01.922Z",
    "feedback": "",
    "status": "completed"
  }
},
{
  "model": "crowdsourcing.subtask",
  "pk": 474,
  "fields": {
    "rectangle": 3511,
    "task": 78,
    "text": "y seroit mande et illec respondre dud[it] cas",
    "time": "2025-02-11T09:16:02.018Z",
    "feedback": "",
    "status": "completed"
  }
},
{
  "model": "crowdsourcing.subtask",
  "pk": 475,
  "fields": {
    "rectangle": 3512,
    "task": 78,
    "text": "tantost apres et environ le mois daoust ",
    "time": "2025-02-11T09:16:02.110Z",
    "feedback": "",
    "status": "completed"
  }
},
{
  "model": "crowdsourcing.subtask",
  "pk": 476,
  "fields": {
    "rectangle": 3513,
    "task": 78,
    "text": "ens[uivant] oudit an, led[it] feu jaques estant pour lors",
    "time": "2025-02-11T09:16:02.211Z",
    "feedback": "",
    "status": "completed"
  }
},
{
  "model": "crowdsourcing.subtask",
  "pk": 477,
  "fields": {
    "rectangle": 3514,
    "task": 78,
    "text": "bien guery desd[ites] bleschures se trouvant en n[ot]re",
    "time": "2025-02-11T09:16:02.310Z",
    "feedback": "",
    "status": "completed"
  }
},
{
  "model": "crowdsourcing.subtask",
  "pk": 478,
  "fields": {
    "rectangle": 3515,
    "task": 78,
    "text": "ville de middelbourg en zellande la ou il",
    "time": "2025-02-11T09:16:02.394Z",
    "feedback": "",
    "status": "completed"
  }
},
{
  "model": "crowdsourcing.subtask",
  "pk": 479,
  "fields": {
    "rectangle": 3516,
    "task": 78,
    "text": "feist adjourner led[it] suppl[iant] audit bureau",
    "time": "2025-02-11T09:16:02.493Z",
    "feedback": "",
    "status": "completed"
  }
},
{
  "model": "crowdsourcing.subtask",
  "pk": 480,
  "fields": {
    "rectangle": 3517,
    "task": 78,
    "text": "auquel il comparut au tour a lui prefix",
    "time": "2025-02-11T09:16:02.577Z",
    "feedback": "",
    "status": "completed"
  }
},
{
  "model": "crowdsourcing.subtask",
  "pk": 481,
  "fields": {
    "rectangle": 3518,
    "task": 78,
    "text": "et finablement parties oyes fut illec",
    "time": "2025-02-11T09:16:02.669Z",
    "feedback": "",
    "status": "completed"
  }
},
{
  "model": "crowdsourcing.subtask",
  "pk": 482,
  "fields": {
    "rectangle": 3519,
    "task": 78,
    "text": "appoincte que certains arbitres assavoir",
    "time": "2025-02-11T09:16:02.761Z",
    "feedback": "",
    "status": "completed"
  }
},
{
  "model": "crowdsourcing.subtask",
  "pk": 483,
  "fields": {
    "rectangle": 3520,
    "task": 78,
    "text": "du coste dud[it] suppl[iant] pierre et didier boisot",
    "time": "2025-02-11T09:16:02.869Z",
    "feedback": "",
    "status": "completed"
  }
},
{
  "model": "crowdsourcing.subtask",
  "pk": 484,
  "fields": {
    "rectangle": 3521,
    "task": 78,
    "text": "et du coste dicellui feu feu le bailli damont",
    "time": "2025-02-11T09:16:02.969Z",
    "feedback": "",
    "status": "completed"
  }
},
{
  "model": "crowdsourcing.subtask",
  "pk": 485,
  "fields": {
    "rectangle": 3522,
    "task": 78,
    "text": "le doyen de besancon a p[rese]nt archevesque",
    "time": "2025-02-11T09:16:03.069Z",
    "feedback": "",
    "status": "completed"
  }
},
{
  "model": "crowdsourcing.subtask",
  "pk": 486,
  "fields": {
    "rectangle": 3523,
    "task": 78,
    "text": "de palerme et thomas ysacq toison dor",
    "time": "2025-02-11T09:16:03.169Z",
    "feedback": "",
    "status": "completed"
  }
},
{
  "model": "crowdsourcing.subtask",
  "pk": 487,
  "fields": {
    "rectangle": 3524,
    "task": 78,
    "text": "appointeroient les partyes aimablement se",
    "time": "2025-02-11T09:16:03.269Z",
    "feedback": "",
    "status": "completed"
  }
},
{
  "model": "crowdsourcing.subtask",
  "pk": 488,
  "fields": {
    "rectangle": 3525,
    "task": 78,
    "text": "faire se povoit sinon en feroient rapport",
    "time": "2025-02-11T09:16:03.360Z",
    "feedback": "",
    "status": "completed"
  }
},
{
  "model": "crowdsourcing.subtask",
  "pk": 489,
  "fields": {
    "rectangle": 3526,
    "task": 78,
    "text": "aud[it] bureau des difficultez quilz y trouveroient",
    "time": "2025-02-11T09:16:03.444Z",
    "feedback": "",
    "status": "completed"
  }
},
{
  "model": "crowdsourcing.subtask",
  "pk": 490,
  "fields": {
    "rectangle": 3527,
    "task": 78,
    "text": "lesquelz arbitres eulrent pluiseurs com[m]unicacions",
    "time": "2025-02-11T09:16:03.535Z",
    "feedback": "",
    "status": "completed"
  }
},
{
  "model": "crowdsourcing.subtask",
  "pk": 491,
  "fields": {
    "rectangle": 3528,
    "task": 78,
    "text": "p[ar]ensemble pour cest affaire et en la fin",
    "time": "2025-02-11T09:16:03.635Z",
    "feedback": "",
    "status": "completed"
  }
},
{
  "model": "crowdsourcing.subtask",
  "pk": 492,
  "fields": {
    "rectangle": 3529,
    "task": 78,
    "text": "com[m]e sur prendre conclusion survint n[ot]re partement",
    "time": "2025-02-11T09:16:03.719Z",
    "feedback": "",
    "status": "completed"
  }
},
{
  "model": "crowdsourcing.subtask",
  "pk": 493,
  "fields": {
    "rectangle": 3530,
    "task": 78,
    "text": "vers noz royaulmes despaigne parquoy",
    "time": "2025-02-11T09:16:03.803Z",
    "feedback": "",
    "status": "completed"
  }
},
{
  "model": "crowdsourcing.subtask",
  "pk": 494,
  "fields": {
    "rectangle": 3531,
    "task": 78,
    "text": "icellui affaire demoura lors sans aucune",
    "time": "2025-02-11T09:16:03.894Z",
    "feedback": "",
    "status": "completed"
  }
},
{
  "model": "crowdsourcing.subtask",
  "pk": 495,
  "fields": {
    "rectangle": 3532,
    "task": 78,
    "text": "conclusion et durant n[ot]re absen[ce] en nosd[its]",
    "time": "2025-02-11T09:16:03.977Z",
    "feedback": "",
    "status": "completed"
  }
},
{
  "model": "crowdsourcing.subtask",
  "pk": 496,
  "fields": {
    "rectangle": 3533,
    "task": 78,
    "text": "royaulmes la ou led[it] suppl[iant] estoit en n[ot]re",
    "time": "2025-02-11T09:16:04.060Z",
    "feedback": "",
    "status": "completed"
  }
},
{
  "model": "crowdsourcing.subtask",
  "pk": 497,
  "fields": {
    "rectangle": 3534,
    "task": 78,
    "text": "service oudit estoit de fourier led[it] feu jaques ",
    "time": "2025-02-11T09:16:04.146Z",
    "feedback": "",
    "status": "completed"
  }
},
{
  "model": "crowdsourcing.subtask",
  "pk": 498,
  "fields": {
    "rectangle": 3535,
    "task": 78,
    "text": "environ le xxve jour de janvier ens[uivant] en",
    "time": "2025-02-11T09:16:04.227Z",
    "feedback": "",
    "status": "completed"
  }
},
{
  "model": "crowdsourcing.subtask",
  "pk": 499,
  "fields": {
    "rectangle": 3536,
    "task": 78,
    "text": "retournant de n[ot]re ville de Namur et affaires",
    "time": "2025-02-11T09:16:04.311Z",
    "feedback": "",
    "status": "completed"
  }
},
{
  "model": "crowdsourcing.subtask",
  "pk": 500,
  "fields": {
    "rectangle": 3537,
    "task": 78,
    "text": "de sond[it] maistre par la ville de wavre est",
    "time": "2025-02-11T09:16:04.385Z",
    "feedback": "",
    "status": "completed"
  }
},
{
  "model": "crowdsourcing.subtask",
  "pk": 501,
  "fields": {
    "rectangle": 3538,
    "task": 78,
    "text": "illec termine vie par trespas sans que ",
    "time": "2025-02-11T09:16:04.468Z",
    "feedback": "",
    "status": "completed"
  }
},
{
  "model": "crowdsourcing.subtask",
  "pk": 502,
  "fields": {
    "rectangle": 3539,
    "task": 78,
    "text": "iceulx arbitres en ayent declaire aucuns",
    "time": "2025-02-11T09:16:04.560Z",
    "feedback": "",
    "status": "completed"
  }
},
{
  "model": "crowdsourcing.subtask",
  "pk": 503,
  "fields": {
    "rectangle": 3540,
    "task": 78,
    "text": "determinacion. Or est que pui-s nagaires",
    "time": "2025-02-11T09:16:04.657Z",
    "feedback": "",
    "status": "completed"
  }
},
{
  "model": "crowdsourcing.subtask",
  "pk": 504,
  "fields": {
    "rectangle": 3487,
    "task": 79,
    "text": "Remission po[ur] hugenin moreau",
    "time": "2025-02-11T09:16:04.894Z",
    "feedback": "",
    "status": "completed"
  }
},
{
  "model": "crowdsourcing.userproject",
  "pk": 29,
  "fields": {
    "user": 1,
    "project": 10,
    "role": "manager",
    "last_participation": "2025-02-06T12:24:31Z",
    "participation_amount": 0
  }
},
{
  "model": "crowdsourcing.userproject",
  "pk": 30,
  "fields": {
    "user": 18,
    "project": 10,
    "role": "manager",
    "last_participation": "2000-10-10T10:10:00Z",
    "participation_amount": 0
  }
},
{
  "model": "crowdsourcing.userproject",
  "pk": 31,
  "fields": {
    "user": 18,
    "project": 12,
    "role": "manager",
    "last_participation": "2000-10-10T10:10:00Z",
    "participation_amount": 0
  }
},
{
  "model": "crowdsourcing.userproject",
  "pk": 32,
  "fields": {
    "user": 18,
    "project": 13,
    "role": "manager",
    "last_participation": "2000-10-10T10:10:00Z",
    "participation_amount": 0
  }
},
{
  "model": "crowdsourcing.userproject",
  "pk": 33,
  "fields": {
    "user": 1,
    "project": 12,
    "role": "manager",
    "last_participation": "2025-02-07T10:00:06Z",
    "participation_amount": 0
  }
},
{
  "model": "crowdsourcing.userproject",
  "pk": 34,
  "fields": {
    "user": 1,
    "project": 13,
    "role": "manager",
    "last_participation": "2025-02-07T10:00:20Z",
    "participation_amount": 0
  }
},
{
  "model": "crowdsourcing.userproject",
  "pk": 42,
  "fields": {
    "user": 1,
    "project": 21,
    "role": "manager",
    "last_participation": "2025-02-08T13:42:54Z",
    "participation_amount": 0
  }
},
{
  "model": "crowdsourcing.userproject",
  "pk": 43,
  "fields": {
    "user": 1,
    "project": 22,
    "role": "manager",
    "last_participation": "2025-02-08T13:42:54Z",
    "participation_amount": 0
  }
},
{
  "model": "crowdsourcing.userproject",
  "pk": 44,
  "fields": {
    "user": 1,
    "project": 23,
    "role": "manager",
    "last_participation": "2025-02-08T13:42:54Z",
    "participation_amount": 0
  }
},
{
  "model": "crowdsourcing.userproject",
  "pk": 45,
  "fields": {
    "user": 1,
    "project": 24,
    "role": "manager",
    "last_participation": "2025-02-08T13:42:54Z",
    "participation_amount": 0
  }
},
{
  "model": "crowdsourcing.userproject",
  "pk": 46,
  "fields": {
    "user": 1,
    "project": 25,
    "role": "manager",
    "last_participation": "2025-02-08T13:42:54Z",
    "participation_amount": 0
  }
},
{
  "model": "crowdsourcing.userproject",
  "pk": 47,
  "fields": {
    "user": 1,
    "project": 26,
    "role": "manager",
    "last_participation": "2025-02-08T13:42:54Z",
    "participation_amount": 0
  }
},
{
  "model": "crowdsourcing.userproject",
  "pk": 48,
  "fields": {
    "user": 1,
    "project": 27,
    "role": "manager",
    "last_participation": "2025-02-08T15:07:07Z",
    "participation_amount": 0
  }
},
{
  "model": "crowdsourcing.userproject",
  "pk": 49,
  "fields": {
    "user": 1,
    "project": 30,
    "role": "manager",
    "last_participation": "2025-02-11T10:22:57Z",
    "participation_amount": 0
  }
},
{
  "model": "authentication.user",
  "pk": 1,
  "fields": {
    "password": "pbkdf2_sha256$870000$TbMIVa38sJReSZyMtqEeaH$xOLt0ApGw10RB9TWjzLiK5x2ASg0sEDdgUlhfa967uI=",
    "last_login": "2025-02-07T09:59:35.057Z",
    "is_superuser": true,
    "username": "admin",
    "first_name": "",
    "last_name": "",
    "email": "admin@admin.com",
    "is_staff": true,
    "is_active": true,
    "date_joined": "2024-11-28T15:00:02Z",
    "completed_tasks": 0,
    "groups": [],
    "user_permissions": []
  }
},
{
  "model": "authentication.user",
  "pk": 7,
  "fields": {
    "password": "pbkdf2_sha256$870000$ZHJnRcl58qMHBCZC4qyxFe$0Val5sllTS8gYSOapjkca6GgBDFF2nV4DKA+pmJvubc=",
    "last_login": "2025-01-16T08:41:02.417Z",
    "is_superuser": false,
    "username": "verif",
    "first_name": "v",
    "last_name": "e",
    "email": "verif@c.com",
    "is_staff": false,
    "is_active": true,
    "date_joined": "2024-11-29T13:47:19.272Z",
    "completed_tasks": 0,
    "groups": [],
    "user_permissions": []
  }
},
{
  "model": "authentication.user",
  "pk": 10,
  "fields": {
    "password": "pbkdf2_sha256$870000$P4Cq2wi9X68zqNHlLyBAUk$IPtVXzK5rjuvFQW41c9Dq1FlUhpK2xAUGa1KbzzyTCY=",
    "last_login": "2025-01-16T08:41:11.596Z",
    "is_superuser": false,
    "username": "tran",
    "first_name": "",
    "last_name": "",
    "email": "",
    "is_staff": false,
    "is_active": true,
    "date_joined": "2024-12-03T13:45:21.381Z",
    "completed_tasks": 0,
    "groups": [],
    "user_permissions": []
  }
},
{
  "model": "authentication.user",
  "pk": 11,
  "fields": {
    "password": "pbkdf2_sha256$870000$3jLBHr0tiTRmjvxLGbZ304$RgddY/PeS/1pBYofQ1KKo6seJHCjYuNgkOZeX46yWgY=",
    "last_login": "2024-12-03T13:45:32.375Z",
    "is_superuser": false,
    "username": "visi",
    "first_name": "",
    "last_name": "",
    "email": "",
    "is_staff": false,
    "is_active": true,
    "date_joined": "2024-12-03T13:45:31.842Z",
    "completed_tasks": 0,
    "groups": [],
    "user_permissions": []
  }
},
{
  "model": "authentication.user",
  "pk": 12,
  "fields": {
    "password": "pbkdf2_sha256$870000$XR6yKjZx2vGvIyV8IbmUSq$EpCXLiveIK7KNNKMo0FVd2l0PA60SDpefMHUyMg9qgU=",
    "last_login": "2024-12-03T13:47:07.304Z",
    "is_superuser": false,
    "username": "block",
    "first_name": "",
    "last_name": "",
    "email": "",
    "is_staff": false,
    "is_active": true,
    "date_joined": "2024-12-03T13:47:06.787Z",
    "completed_tasks": 0,
    "groups": [],
    "user_permissions": []
  }
},
{
  "model": "authentication.user",
  "pk": 18,
  "fields": {
    "password": "pbkdf2_sha256$870000$NvPhnEnSNv4VZH7coeN7IT$u9ZOZZawpRGcOssf0K/QkBdWKWmOj4rwYnQ5nq1pFmQ=",
    "last_login": "2025-02-07T10:04:53.509Z",
    "is_superuser": false,
    "username": "G-Gielis",
    "first_name": "",
    "last_name": "",
    "email": "",
    "is_staff": false,
    "is_active": true,
    "date_joined": "2025-02-07T09:58:38.301Z",
    "completed_tasks": 0,
    "groups": [],
    "user_permissions": []
  }
},
{
  "model": "forum.userpost",
  "pk": 9,
  "fields": {
    "author": 1,
    "title": "a",
    "description": "a",
    "date_created": "2025-02-11T10:48:22.579Z",
    "related_document": 120,
    "related_rectangle": null
  }
},
{
  "model": "forum.userpost",
  "pk": 10,
  "fields": {
    "author": 1,
    "title": "test",
    "description": "trest",
    "date_created": "2025-02-11T10:53:13.262Z",
    "related_document": null,
    "related_rectangle": 3543
  }
},
{
  "model": "forum.userpost",
  "pk": 11,
  "fields": {
    "author": 1,
    "title": "blabla",
    "description": "blabla",
    "date_created": "2025-02-11T10:59:08.894Z",
    "related_document": null,
    "related_rectangle": 3544
  }
},
{
  "model": "forum.blogpost",
  "pk": 1,
  "fields": {
    "title": "Annonce 1",
    "slug": "un",
    "content": "Ceci est une annonce",
    "timestamp": "2025-01-15T14:53:21.473Z",
    "thumbnail": "tlchargement.jpg"
  }
},
{
  "model": "forum.blogpost",
  "pk": 2,
  "fields": {
    "title": "Annonce 2",
    "slug": "deux",
    "content": "Lorem ipsum dolor sit amet, consectetur adipiscing elit, sed do eiusmod tempor incididunt ut labore et dolore magna aliqua. Ut enim ad minim veniam, quis nostrud exercitation ullamco laboris nisi ut aliquip ex ea commodo consequat. Duis aute irure dolor in reprehenderit in voluptate velit esse cillum dolore eu fugiat nulla pariatur. Excepteur sint occaecat cupidatat non proident, sunt in culpa qui officia deserunt mollit anim id est laborum.",
    "timestamp": "2025-01-15T14:56:36.398Z",
    "thumbnail": "tlchargement_uKhdNGL.jpg"
  }
},
{
  "model": "forum.topicview",
  "pk": 9,
  "fields": {
    "user_post": 9,
    "user": 1
  }
},
{
  "model": "forum.topicview",
  "pk": 10,
  "fields": {
    "user_post": 10,
    "user": 1
  }
},
{
  "model": "forum.topicview",
  "pk": 11,
  "fields": {
    "user_post": 11,
    "user": 1
  }
}
]
