[
{
  "model": "crowdsourcing.project",
  "pk": 21,
  "fields": {
    "name": "Step 1",
    "description": "blank"
  }
},
{
  "model": "crowdsourcing.project",
  "pk": 22,
  "fields": {
    "name": "Step 2",
    "description": "rectangles"
  }
},
{
  "model": "crowdsourcing.project",
  "pk": 23,
  "fields": {
    "name": "step 3",
    "description": "textes"
  }
},
{
  "model": "crowdsourcing.project",
  "pk": 24,
  "fields": {
    "name": "step 4",
    "description": "verif"
  }
},
{
  "model": "crowdsourcing.project",
  "pk": 25,
  "fields": {
    "name": "step 5",
    "description": "double vÚrif"
  }
},
{
  "model": "crowdsourcing.project",
  "pk": 26,
  "fields": {
    "name": "step 6",
    "description": "consult"
  }
},
{
  "model": "crowdsourcing.document",
  "pk": 86,
  "fields": {
    "image": "232_Huguenin-Moreau_510_0001_000_00636_000_0_0526_7T89PI5.jpg",
    "project": 21,
    "status": "in_transcription",
    "name": "232 1"
  }
},
{
  "model": "crowdsourcing.document",
  "pk": 87,
  "fields": {
    "image": "232_Huguenin-Moreau_510_0001_000_00636_000_0_0526_7T89PI5.jpg",
    "project": 22,
    "status": "to_transcribe",
    "name": "232 2"
  }
},
{
  "model": "crowdsourcing.document",
  "pk": 88,
  "fields": {
    "image": "232_Huguenin-Moreau_510_0001_000_00636_000_0_0526_7T89PI5.jpg",
    "project": 23,
    "status": "to_transcribe",
    "name": "232 3"
  }
},
{
  "model": "crowdsourcing.document",
  "pk": 89,
  "fields": {
    "image": "232_Huguenin-Moreau_510_0001_000_00636_000_0_0526_7T89PI5.jpg",
    "project": 24,
    "status": "to_transcribe",
    "name": "232 4"
  }
},
{
  "model": "crowdsourcing.document",
  "pk": 90,
  "fields": {
    "image": "232_Huguenin-Moreau_510_0001_000_00636_000_0_0526_7T89PI5.jpg",
    "project": 25,
    "status": "to_transcribe",
    "name": "232 5"
  }
},
{
  "model": "crowdsourcing.document",
  "pk": 91,
  "fields": {
    "image": "232_Huguenin-Moreau_510_0001_000_00636_000_0_0526_7T89PI5.jpg",
    "project": 26,
    "status": "to_transcribe",
    "name": "232 6"
  }
},
{
  "model": "crowdsourcing.rectangle",
  "pk": 352,
  "fields": {
    "document": 86,
    "x": 1131,
    "y": 176,
    "width": 926,
    "height": 103,
    "angle": 2.308743193377509,
    "done": false
  }
},
{
  "model": "crowdsourcing.rectangle",
  "pk": 353,
  "fields": {
    "document": 86,
    "x": 722,
    "y": 341,
    "width": 1805,
    "height": 103,
    "angle": 2.3087,
    "done": false
  }
},
{
  "model": "crowdsourcing.rectangle",
  "pk": 354,
  "fields": {
    "document": 86,
    "x": 728,
    "y": 455,
    "width": 1767,
    "height": 66,
    "angle": 2.3087,
    "done": false
  }
},
{
  "model": "crowdsourcing.rectangle",
  "pk": 355,
  "fields": {
    "document": 86,
    "x": 768,
    "y": 498,
    "width": 1767,
    "height": 80,
    "angle": 3.1685102987070697,
    "done": false
  }
},
{
  "model": "crowdsourcing.rectangle",
  "pk": 356,
  "fields": {
    "document": 86,
    "x": 766,
    "y": 581,
    "width": 1767,
    "height": 80,
    "angle": 3.1685,
    "done": false
  }
},
{
  "model": "crowdsourcing.rectangle",
  "pk": 357,
  "fields": {
    "document": 86,
    "x": 780,
    "y": 679,
    "width": 1767,
    "height": 80,
    "angle": 3.1685,
    "done": false
  }
},
{
  "model": "crowdsourcing.rectangle",
  "pk": 358,
  "fields": {
    "document": 86,
    "x": 772,
    "y": 755,
    "width": 1767,
    "height": 80,
    "angle": 3.1685,
    "done": false
  }
},
{
  "model": "crowdsourcing.rectangle",
  "pk": 359,
  "fields": {
    "document": 86,
    "x": 774,
    "y": 838,
    "width": 1767,
    "height": 80,
    "angle": 3.1685,
    "done": false
  }
},
{
  "model": "crowdsourcing.rectangle",
  "pk": 360,
  "fields": {
    "document": 86,
    "x": 737,
    "y": 944,
    "width": 1819,
    "height": 80,
    "angle": 2.1775530280576514,
    "done": false
  }
},
{
  "model": "crowdsourcing.rectangle",
  "pk": 361,
  "fields": {
    "document": 86,
    "x": 741,
    "y": 1024,
    "width": 1819,
    "height": 80,
    "angle": 2.1776,
    "done": false
  }
},
{
  "model": "crowdsourcing.rectangle",
  "pk": 362,
  "fields": {
    "document": 86,
    "x": 751,
    "y": 1120,
    "width": 1819,
    "height": 80,
    "angle": 2.1776,
    "done": false
  }
},
{
  "model": "crowdsourcing.rectangle",
  "pk": 363,
  "fields": {
    "document": 86,
    "x": 737,
    "y": 1207,
    "width": 1819,
    "height": 80,
    "angle": 2.1776,
    "done": false
  }
},
{
  "model": "crowdsourcing.rectangle",
  "pk": 364,
  "fields": {
    "document": 86,
    "x": 745,
    "y": 1291,
    "width": 1819,
    "height": 80,
    "angle": 2.1776,
    "done": false
  }
},
{
  "model": "crowdsourcing.rectangle",
  "pk": 365,
  "fields": {
    "document": 86,
    "x": 747,
    "y": 1390,
    "width": 1819,
    "height": 80,
    "angle": 2.1776,
    "done": false
  }
},
{
  "model": "crowdsourcing.rectangle",
  "pk": 366,
  "fields": {
    "document": 86,
    "x": 745,
    "y": 1488,
    "width": 1819,
    "height": 80,
    "angle": 2.1776,
    "done": false
  }
},
{
  "model": "crowdsourcing.rectangle",
  "pk": 367,
  "fields": {
    "document": 86,
    "x": 741,
    "y": 1583,
    "width": 1819,
    "height": 80,
    "angle": 2.1776,
    "done": false
  }
},
{
  "model": "crowdsourcing.rectangle",
  "pk": 368,
  "fields": {
    "document": 86,
    "x": 739,
    "y": 1679,
    "width": 1819,
    "height": 80,
    "angle": 2.1776,
    "done": false
  }
},
{
  "model": "crowdsourcing.rectangle",
  "pk": 369,
  "fields": {
    "document": 86,
    "x": 714,
    "y": 1781,
    "width": 1819,
    "height": 80,
    "angle": 1.601784338267641,
    "done": false
  }
},
{
  "model": "crowdsourcing.rectangle",
  "pk": 370,
  "fields": {
    "document": 86,
    "x": 728,
    "y": 1879,
    "width": 1819,
    "height": 80,
    "angle": 1.6018,
    "done": false
  }
},
{
  "model": "crowdsourcing.rectangle",
  "pk": 371,
  "fields": {
    "document": 86,
    "x": 728,
    "y": 1978,
    "width": 1768,
    "height": 80,
    "angle": 1.6018,
    "done": false
  }
},
{
  "model": "crowdsourcing.rectangle",
  "pk": 372,
  "fields": {
    "document": 86,
    "x": 675,
    "y": 2072,
    "width": 1819,
    "height": 80,
    "angle": 1.6018,
    "done": false
  }
},
{
  "model": "crowdsourcing.rectangle",
  "pk": 373,
  "fields": {
    "document": 86,
    "x": 698,
    "y": 2172,
    "width": 1819,
    "height": 80,
    "angle": 1.6018,
    "done": false
  }
},
{
  "model": "crowdsourcing.rectangle",
  "pk": 374,
  "fields": {
    "document": 86,
    "x": 714,
    "y": 2257,
    "width": 1819,
    "height": 80,
    "angle": 1.6018,
    "done": false
  }
},
{
  "model": "crowdsourcing.rectangle",
  "pk": 375,
  "fields": {
    "document": 86,
    "x": 728,
    "y": 2353,
    "width": 1780,
    "height": 80,
    "angle": 1.6018,
    "done": false
  }
},
{
  "model": "crowdsourcing.rectangle",
  "pk": 376,
  "fields": {
    "document": 86,
    "x": 727,
    "y": 2440,
    "width": 1736,
    "height": 80,
    "angle": 1.6018,
    "done": false
  }
},
{
  "model": "crowdsourcing.rectangle",
  "pk": 377,
  "fields": {
    "document": 86,
    "x": 712,
    "y": 2544,
    "width": 1778,
    "height": 80,
    "angle": 1.6018,
    "done": false
  }
},
{
  "model": "crowdsourcing.rectangle",
  "pk": 378,
  "fields": {
    "document": 86,
    "x": 716,
    "y": 2627,
    "width": 1778,
    "height": 80,
    "angle": 1.6018,
    "done": false
  }
},
{
  "model": "crowdsourcing.rectangle",
  "pk": 379,
  "fields": {
    "document": 86,
    "x": 726,
    "y": 2717,
    "width": 1778,
    "height": 80,
    "angle": 1.6018,
    "done": false
  }
},
{
  "model": "crowdsourcing.rectangle",
  "pk": 380,
  "fields": {
    "document": 86,
    "x": 698,
    "y": 2816,
    "width": 1778,
    "height": 80,
    "angle": 1.6018,
    "done": false
  }
},
{
  "model": "crowdsourcing.rectangle",
  "pk": 381,
  "fields": {
    "document": 86,
    "x": 4451,
    "y": 238,
    "width": 270,
    "height": 135,
    "angle": 0.0,
    "done": false
  }
},
{
  "model": "crowdsourcing.rectangle",
  "pk": 382,
  "fields": {
    "document": 86,
    "x": 3073,
    "y": 420,
    "width": 1654,
    "height": 67,
    "angle": 0.0,
    "done": false
  }
},
{
  "model": "crowdsourcing.rectangle",
  "pk": 383,
  "fields": {
    "document": 86,
    "x": 3093,
    "y": 514,
    "width": 1654,
    "height": 67,
    "angle": 0.0,
    "done": false
  }
},
{
  "model": "crowdsourcing.rectangle",
  "pk": 384,
  "fields": {
    "document": 86,
    "x": 3082,
    "y": 598,
    "width": 1654,
    "height": 67,
    "angle": 0.0,
    "done": false
  }
},
{
  "model": "crowdsourcing.rectangle",
  "pk": 385,
  "fields": {
    "document": 86,
    "x": 3082,
    "y": 690,
    "width": 1623,
    "height": 67,
    "angle": 0.0,
    "done": false
  }
},
{
  "model": "crowdsourcing.rectangle",
  "pk": 386,
  "fields": {
    "document": 86,
    "x": 3084,
    "y": 776,
    "width": 1623,
    "height": 67,
    "angle": 0.0,
    "done": false
  }
},
{
  "model": "crowdsourcing.rectangle",
  "pk": 387,
  "fields": {
    "document": 86,
    "x": 3098,
    "y": 864,
    "width": 1696,
    "height": 67,
    "angle": 0.0,
    "done": false
  }
},
{
  "model": "crowdsourcing.rectangle",
  "pk": 388,
  "fields": {
    "document": 86,
    "x": 3082,
    "y": 961,
    "width": 1696,
    "height": 67,
    "angle": 0.0,
    "done": false
  }
},
{
  "model": "crowdsourcing.rectangle",
  "pk": 389,
  "fields": {
    "document": 86,
    "x": 3058,
    "y": 1055,
    "width": 1676,
    "height": 67,
    "angle": 0.0,
    "done": false
  }
},
{
  "model": "crowdsourcing.rectangle",
  "pk": 390,
  "fields": {
    "document": 86,
    "x": 3078,
    "y": 1150,
    "width": 1712,
    "height": 67,
    "angle": 0.0,
    "done": false
  }
},
{
  "model": "crowdsourcing.rectangle",
  "pk": 391,
  "fields": {
    "document": 86,
    "x": 3091,
    "y": 1251,
    "width": 1685,
    "height": 67,
    "angle": 0.0,
    "done": false
  }
},
{
  "model": "crowdsourcing.rectangle",
  "pk": 392,
  "fields": {
    "document": 86,
    "x": 3087,
    "y": 1357,
    "width": 1776,
    "height": 67,
    "angle": 0.0,
    "done": false
  }
},
{
  "model": "crowdsourcing.rectangle",
  "pk": 393,
  "fields": {
    "document": 86,
    "x": 3083,
    "y": 1463,
    "width": 1803,
    "height": 67,
    "angle": 0.0,
    "done": false
  }
},
{
  "model": "crowdsourcing.rectangle",
  "pk": 394,
  "fields": {
    "document": 86,
    "x": 3065,
    "y": 1564,
    "width": 1757,
    "height": 67,
    "angle": 0.0,
    "done": false
  }
},
{
  "model": "crowdsourcing.rectangle",
  "pk": 395,
  "fields": {
    "document": 86,
    "x": 3067,
    "y": 1678,
    "width": 1790,
    "height": 67,
    "angle": 0.0,
    "done": false
  }
},
{
  "model": "crowdsourcing.rectangle",
  "pk": 396,
  "fields": {
    "document": 86,
    "x": 3045,
    "y": 1766,
    "width": 1775,
    "height": 85,
    "angle": 0.0,
    "done": false
  }
},
{
  "model": "crowdsourcing.rectangle",
  "pk": 397,
  "fields": {
    "document": 86,
    "x": 3056,
    "y": 1877,
    "width": 1777,
    "height": 85,
    "angle": 0.0,
    "done": false
  }
},
{
  "model": "crowdsourcing.rectangle",
  "pk": 398,
  "fields": {
    "document": 86,
    "x": 3065,
    "y": 1970,
    "width": 1755,
    "height": 85,
    "angle": 0.0,
    "done": false
  }
},
{
  "model": "crowdsourcing.rectangle",
  "pk": 399,
  "fields": {
    "document": 86,
    "x": 3059,
    "y": 2070,
    "width": 1721,
    "height": 85,
    "angle": 0.0,
    "done": false
  }
},
{
  "model": "crowdsourcing.rectangle",
  "pk": 400,
  "fields": {
    "document": 86,
    "x": 3072,
    "y": 2185,
    "width": 1721,
    "height": 85,
    "angle": 0.0,
    "done": false
  }
},
{
  "model": "crowdsourcing.rectangle",
  "pk": 401,
  "fields": {
    "document": 86,
    "x": 3067,
    "y": 2292,
    "width": 1721,
    "height": 85,
    "angle": 0.0,
    "done": false
  }
},
{
  "model": "crowdsourcing.rectangle",
  "pk": 402,
  "fields": {
    "document": 86,
    "x": 3026,
    "y": 2382,
    "width": 1832,
    "height": 85,
    "angle": 1.2520956636009792,
    "done": false
  }
},
{
  "model": "crowdsourcing.rectangle",
  "pk": 403,
  "fields": {
    "document": 86,
    "x": 3031,
    "y": 2492,
    "width": 1832,
    "height": 85,
    "angle": 1.2521,
    "done": false
  }
},
{
  "model": "crowdsourcing.rectangle",
  "pk": 404,
  "fields": {
    "document": 86,
    "x": 3029,
    "y": 2600,
    "width": 1750,
    "height": 85,
    "angle": 1.2521,
    "done": false
  }
},
{
  "model": "crowdsourcing.rectangle",
  "pk": 405,
  "fields": {
    "document": 86,
    "x": 3051,
    "y": 2703,
    "width": 1790,
    "height": 91,
    "angle": 1.2521,
    "done": false
  }
},
{
  "model": "crowdsourcing.rectangle",
  "pk": 406,
  "fields": {
    "document": 86,
    "x": 2991,
    "y": 2819,
    "width": 1856,
    "height": 91,
    "angle": 1.2521,
    "done": false
  }
},
{
  "model": "crowdsourcing.task",
  "pk": 58,
  "fields": {
    "document": 86,
    "user": 1,
    "stated": "2025-02-08T13:43:46.575Z",
    "ended": "2025-02-08T14:43:46.279Z",
    "status": "in_progress",
    "type": "transcription"
  }
},
{
  "model": "crowdsourcing.userproject",
  "pk": 42,
  "fields": {
    "user": 1,
    "project": 21,
    "role": "manager",
    "last_participation": "2025-02-08T13:42:54Z",
    "participation_amount": 0
  }
},
{
  "model": "crowdsourcing.userproject",
  "pk": 43,
  "fields": {
    "user": 1,
    "project": 22,
    "role": "manager",
    "last_participation": "2025-02-08T13:42:54Z",
    "participation_amount": 0
  }
},
{
  "model": "crowdsourcing.userproject",
  "pk": 44,
  "fields": {
    "user": 1,
    "project": 23,
    "role": "manager",
    "last_participation": "2025-02-08T13:42:54Z",
    "participation_amount": 0
  }
},
{
  "model": "crowdsourcing.userproject",
  "pk": 45,
  "fields": {
    "user": 1,
    "project": 24,
    "role": "manager",
    "last_participation": "2025-02-08T13:42:54Z",
    "participation_amount": 0
  }
},
{
  "model": "crowdsourcing.userproject",
  "pk": 46,
  "fields": {
    "user": 1,
    "project": 25,
    "role": "manager",
    "last_participation": "2025-02-08T13:42:54Z",
    "participation_amount": 0
  }
},
{
  "model": "crowdsourcing.userproject",
  "pk": 47,
  "fields": {
    "user": 1,
    "project": 26,
    "role": "manager",
    "last_participation": "2025-02-08T13:42:54Z",
    "participation_amount": 0
  }
},
{
  "model": "authentication.user",
  "pk": 1,
  "fields": {
    "password": "pbkdf2_sha256$870000$TbMIVa38sJReSZyMtqEeaH$xOLt0ApGw10RB9TWjzLiK5x2ASg0sEDdgUlhfa967uI=",
    "last_login": "2025-02-07T10:19:17.848Z",
    "is_superuser": true,
    "username": "admin",
    "first_name": "",
    "last_name": "",
    "email": "admin@admin.com",
    "is_staff": true,
    "is_active": true,
    "date_joined": "2024-11-28T15:00:02Z",
    "completed_tasks": 0,
    "groups": [],
    "user_permissions": []
  }
},
{
  "model": "authentication.user",
  "pk": 7,
  "fields": {
    "password": "pbkdf2_sha256$870000$ZHJnRcl58qMHBCZC4qyxFe$0Val5sllTS8gYSOapjkca6GgBDFF2nV4DKA+pmJvubc=",
    "last_login": "2025-01-16T08:41:02.417Z",
    "is_superuser": false,
    "username": "verif",
    "first_name": "v",
    "last_name": "e",
    "email": "verif@c.com",
    "is_staff": false,
    "is_active": true,
    "date_joined": "2024-11-29T13:47:19.272Z",
    "completed_tasks": 0,
    "groups": [],
    "user_permissions": []
  }
},
{
  "model": "authentication.user",
  "pk": 10,
  "fields": {
    "password": "pbkdf2_sha256$870000$P4Cq2wi9X68zqNHlLyBAUk$IPtVXzK5rjuvFQW41c9Dq1FlUhpK2xAUGa1KbzzyTCY=",
    "last_login": "2025-01-16T08:41:11.596Z",
    "is_superuser": false,
    "username": "tran",
    "first_name": "",
    "last_name": "",
    "email": "",
    "is_staff": false,
    "is_active": true,
    "date_joined": "2024-12-03T13:45:21.381Z",
    "completed_tasks": 0,
    "groups": [],
    "user_permissions": []
  }
},
{
  "model": "authentication.user",
  "pk": 11,
  "fields": {
    "password": "pbkdf2_sha256$870000$3jLBHr0tiTRmjvxLGbZ304$RgddY/PeS/1pBYofQ1KKo6seJHCjYuNgkOZeX46yWgY=",
    "last_login": "2024-12-03T13:45:32.375Z",
    "is_superuser": false,
    "username": "visi",
    "first_name": "",
    "last_name": "",
    "email": "",
    "is_staff": false,
    "is_active": true,
    "date_joined": "2024-12-03T13:45:31.842Z",
    "completed_tasks": 0,
    "groups": [],
    "user_permissions": []
  }
},
{
  "model": "authentication.user",
  "pk": 12,
  "fields": {
    "password": "pbkdf2_sha256$870000$XR6yKjZx2vGvIyV8IbmUSq$EpCXLiveIK7KNNKMo0FVd2l0PA60SDpefMHUyMg9qgU=",
    "last_login": "2024-12-03T13:47:07.304Z",
    "is_superuser": false,
    "username": "block",
    "first_name": "",
    "last_name": "",
    "email": "",
    "is_staff": false,
    "is_active": true,
    "date_joined": "2024-12-03T13:47:06.787Z",
    "completed_tasks": 0,
    "groups": [],
    "user_permissions": []
  }
},
{
  "model": "authentication.user",
  "pk": 18,
  "fields": {
    "password": "pbkdf2_sha256$870000$NvPhnEnSNv4VZH7coeN7IT$u9ZOZZawpRGcOssf0K/QkBdWKWmOj4rwYnQ5nq1pFmQ=",
    "last_login": "2025-02-07T10:04:53.509Z",
    "is_superuser": false,
    "username": "G-Gielis",
    "first_name": "",
    "last_name": "",
    "email": "",
    "is_staff": false,
    "is_active": true,
    "date_joined": "2025-02-07T09:58:38.301Z",
    "completed_tasks": 0,
    "groups": [],
    "user_permissions": []
  }
},
{
  "model": "forum.blogpost",
  "pk": 1,
  "fields": {
    "title": "Annonce 1",
    "slug": "un",
    "content": "Ceci est une annonce",
    "timestamp": "2025-01-15T14:53:21.473Z",
    "thumbnail": "tÚlÚchargement.jpg"
  }
},
{
  "model": "forum.blogpost",
  "pk": 2,
  "fields": {
    "title": "Annonce 2",
    "slug": "deux",
    "content": "Lorem ipsum dolor sit amet, consectetur adipiscing elit, sed do eiusmod tempor incididunt ut labore et dolore magna aliqua. Ut enim ad minim veniam, quis nostrud exercitation ullamco laboris nisi ut aliquip ex ea commodo consequat. Duis aute irure dolor in reprehenderit in voluptate velit esse cillum dolore eu fugiat nulla pariatur. Excepteur sint occaecat cupidatat non proident, sunt in culpa qui officia deserunt mollit anim id est laborum.",
    "timestamp": "2025-01-15T14:56:36.398Z",
    "thumbnail": "tÚlÚchargement_uKhdNGL.jpg"
  }
}
]
